【1】  ★団体名（ 法人格がある場合は、省略せず正式名称を記載してください）,【2】  団体名のふりがな（法人格を除く法人名のふりがなをご記入ください）,【3】  連絡担当者氏名（ふりがな）,【4ｰ1】  ★連絡先メールアドレス①,【4ｰ2】 連絡先メールアドレス②,【4‐3】  連絡先メールアドレス③,【5】連絡先電話番号,【6】配布物・請求書（協賛）等送付先住所,【7】  ★団体ホームページURL,【8】★活動内容（80～100文字）,【9】★主な活動場所（最大50文字）,【10】★主な活動日（最大50文字）,【11】★ 団体ができることや求めていること、まちカフェ！で実施する催しなどのPRを自由にご記載ください（掲載スペース50文字）,【12】  これまでにまちカフェ！実行委員会に参加したことがありますか？（冊子掲載のみも含む）,【13】  参加形態の意向を教えてください（複数選択可）。,【14】上記【13】で5．を選択した方、まちカフェ！にご協賛いただける口数をお知らせください　,【15】上記【13】で5．を選択した方、協賛金請求書の送付方法を選択してください。,【16】  他にもまちカフェ！にご協力いただける場合は、お知らせください,【17】まちカフェ！を通じて＜達成したいこと＞を教えてください（複数回答可）。,【19】その他ご意見、ご質問等があればお書きください。,【18】  参加予定の実行委員会会議をお知らせください。
スヌーズレンブラックライトルームを普及する会,すぬーずれんぶらっくらいとるーむをふきゅうするかい,,,,,,,https://www.kokoro-nagomu.com/,スヌーズレンブラックライトルームは障がいを持つお子さんと保護者が一緒に遊びながら五感を刺激する非日常空間です。,都内近郊でのイベント開催,不定期,ブラックライトで発光するアートやおもちゃで楽しく遊べるイベント空間を提供します。,2回以上参加している,1．期間中にイベント等を開催（詳しい企画の内容は後日イベント企画書をご提出いただきます。市役所会場以外で開催する方もこちらをご選択ください。）,,,,"団体の活動や取り組む社会課題についての周知ができる, 行政や他団体・個人などと新しいつながりができる",,
手話べり場Ｓ,しゅわべりばえす,,,,,,,あるけど、機能していないので「なし」,"手話は習っても忘れます。そこで、練習する場所をやっています。サークルのように、会費や役割分担などもなく、本名をお聞きすることもなく、スケジュールを見てもらって、来ることができる日の好きな時間に来てください
好きな時間にお帰りになって構いません
どうぞ、1度遊びにいらしてください
目標は「手話を公用語にしたい」です
よろしくお願いします",スターバックス町田パリオ店、東急ウエスト、わくわくプラザ,第1.2.3.5土曜日10:00-12:00第1.3土曜日13:00-15:00第4木曜日10:00-12:00・13:00-15:00,"とにかく手話を広めたい！楽しい事だとわかって欲しい
簡単な手話ができるだけでも、構いません
みんなで楽しく練習しましょう",2回以上参加している,1．期間中にイベント等を開催（詳しい企画の内容は後日イベント企画書をご提出いただきます。市役所会場以外で開催する方もこちらをご選択ください。）,,,,"会員やメンバーなどが増える, 団体の活動や取り組む社会課題についての周知ができる, 行政や他団体・個人などと新しいつながりができる",少し間があきましたが、頑張りますので、よろしくお願いします,
⼀般社団法⼈ デイレクトフォース 相模の国俱楽部,いっしゃ　でぃれくとふおーす　さがみのくにくらぶ,,,,,,,https://directforce.net,地域社会への関係づくりを通し、”⼦供たちから地場産業まで”の地域‧社会貢献を⾏う【地域デザイン】創りに取り組んでいます。「企業経営者のニーズに応える伴⾛⽀援（⽀援活動）」を柱に貢献活動を⾏っています。,SDGs相模原市認定団体として各イベント（相模原市役所「桜まつり」、青山学院大学「SDGs EXPO」、アリオ橋本「はてなフェス」等）,随時（各イベント参加に向け会合等）,"仲間とワイワイと楽しく過ごし、
ささやかなボランティア社会貢献やベンチャー支援、仕事の種を探してみたい",初参加（参加に際し、事務局と30分程度の簡単な顔合わせをお願いしています。オンライン・対面どちらでも大丈夫です。お申込み後、詳細を事務局よりご連絡させていただきます）,"1．期間中にイベント等を開催（詳しい企画の内容は後日イベント企画書をご提出いただきます。市役所会場以外で開催する方もこちらをご選択ください。）, 5．協賛団体・個人として参加（下記問14・15に回答ください）",企業・団体１口,【6】  配布物・請求書（協賛）等送付先住所宛てに郵送,,"会員やメンバーなどが増える, 学生と活動する, 団体の活動や取り組む社会課題についての周知ができる, メンバー同士のコミュケーションが深まる, 新しい取り組みに挑戦する, 行政や他団体・個人などと新しいつながりができる",,
個人A,まちカフェ！撮影おうえん隊,,,,,,,Facebook.com/Saiji.kuniyasu  MAB:https://www.m-simin-hall.jp/artist/nappye/,「まちだの魅力活力活性おうえん」のキャッチコピーのもと、主としてJCI_Machida（まちだ青年会議所）さま公認の撮影＆拡散応援活動、またMAB（まちだアーティストバンク）ではアーティスト登録者として経費節減を目的の記念撮影を応援し、ご希望により撮影JPEGデータをプレゼントするなど後世に渡る利用財産となるよう願いつつ親しい仲間関係も築けることを念願しております気軽にお声がけください。,おもに、市内の徒歩圏内を指定や情報いただきますと出向きます,都度、打合せにより活動します,「まちだの魅力活力活性」の目的に準じるイベント活動を写真で将来てきな利用価値の保存をする活動,2回以上参加している,"2．協働ガイドブック掲載のみで参加（まちカフェ！期間中のイベント実施なし）, 3．まちカフェ！おうえん隊（個人ボランティア）として全体企画の実施や運営支援をする, 4．ワンデイおうえん隊（１日から数日の個人ボランティアとして参加）※登録した方には、実行委員会やボランティア募集のメールをお送りするのでご都合ご関心にあわせてご参加ください）",,,,"学生と活動する, メンバー同士のコミュケーションが深まる, 行政や他団体・個人などと新しいつながりができる, 声をかけたら気軽に撮影してくれるイメージを深めたい",撮影おうえん隊に今年も参加希望していますが、78歳エネルギースロットル満開で頑張るつもりです、若人の負担にならないように・・。20Th記念開催にもっと違う撮影が出来たらいいな～・・などと空想しています。みなさん、よろしくお願いします。,
like minds,らいくまいんず,,,,,,,,聴くと話すを分ける対話の場づくり支援 障がいのある無しに関わらず支援し合う関係性を考える,三輪住宅会館,不定期,障がい者の自立支援、誰もが可能性を支え合う場,2回以上参加している,1．期間中にイベント等を開催（詳しい企画の内容は後日イベント企画書をご提出いただきます。市役所会場以外で開催する方もこちらをご選択ください。）,,,,"会員やメンバーなどが増える, 学生と活動する, 団体の活動や取り組む社会課題についての周知ができる, 新しい取り組みに挑戦する",,
個人B,おうえんたい,,,,,,,,他団体さんのイベントに遊びに行ったり参加したりそこでお会いした方と連絡先交換して、交流しています。実際にイベントのお手伝いやお客さんとして参加してます。又、オープンデーは都合が合えば足を運んでいます。オープンデーで新たな方とお会いして視野も広がりました。私は今月から社会人になり、頻度は減りますが地域活動及びまちカフェ！は私の生きがいです。私とお会いした方は是非声をかけていただけると嬉しいです。,町田市民フォーラム,不定期,,2回以上参加している,"3．まちカフェ！おうえん隊（個人ボランティア）として全体企画の実施や運営支援をする, 4．ワンデイおうえん隊（１日から数日の個人ボランティアとして参加）※登録した方には、実行委員会やボランティア募集のメールをお送りするのでご都合ご関心にあわせてご参加ください）",,【4-1】連絡先メールアドレス宛てにメールに添付　※設問が4.を選択で回答,,"会員やメンバーなどが増える, 学生と活動する, 団体の活動や取り組む社会課題についての周知ができる, 広報、企画立案、SNS・ITツールのスキルアップ, メンバー同士のコミュケーションが深まる, 新しい取り組みに挑戦する, 行政や他団体・個人などと新しいつながりができる, 団体の活動資金を得る（物販の売り上げやイベントの参加費など）",,
"〜小児がん支援チャリティー活動〜
MICO LEMONADE",しょうにがんしえんちゃりてぃーかつどうみこれもねーど,,,,,,,https://www.instagram.com/mico_lemonade?igsh=YWNqMXpncW9tN2tz&utm_source=qr,国産レモンの手作りレモネードの提供を通して小児がんの子供たちを応援するチャリティー活動です。売り上げ、募金は小児がん研究や闘病児の未来のために寄付いたします。,町田を中心とする東京、神奈川,不定期,小児がん支援のためのレモネード（HOT・COLD・ソーダ）を販売します。出店情報はインスタにて発信中,2回以上参加している,1．期間中にイベント等を開催（詳しい企画の内容は後日イベント企画書をご提出いただきます。市役所会場以外で開催する方もこちらをご選択ください。）,,,,"会員やメンバーなどが増える, 学生と活動する, 団体の活動や取り組む社会課題についての周知ができる, 広報、企画立案、SNS・ITツールのスキルアップ, メンバー同士のコミュケーションが深まる, 新しい取り組みに挑戦する, 行政や他団体・個人などと新しいつながりができる, 団体の活動資金を得る（物販の売り上げやイベントの参加費など）",,
"任意団体みんなの居場所ぬくぬく
(一般社団法人になるかもです)",みんなのいばしよぬくぬく,,,,,,,https://www.instagram.com/nukunuku.machida.ibasyo,上小山田町の一軒家で住み開きをし、居場所、みんなの食堂、相談事業を行っています。,住み開きしている一階のスペース,不定期/居場所:1回/月、みんなの食堂:1回/月,"【出来る事】
出前講座、相談が出来ます。他団体との連携・協働出来ます。
【求めています】
寄付金、ボランティアさん募集中です。
【催し物PR】
町田の情報ギルドとしてお悩み相談とお悩みにマッチングした団体を紹介します。",2回以上参加している,1．期間中にイベント等を開催（詳しい企画の内容は後日イベント企画書をご提出いただきます。市役所会場以外で開催する方もこちらをご選択ください。）,,,,"会員やメンバーなどが増える, 団体の活動や取り組む社会課題についての周知ができる, 行政や他団体・個人などと新しいつながりができる",今年は自分の団体をPRするだけではなくて、必要な人に必要な団体を伝えるお手伝いをしたいなと思います。,
清住平Wind Music,きよすみだい ういんど みゅーじっく,,,,,,,"https://www.instagram.com/kiyosumidai_wind_music
www.youtube.com/@kiyosumidai.windmusic","小山田で結成されたご近所さんバンド。音楽を通して、地域交流しています。練習は月2回程度。お祭りや施設のイベントで演奏しています。
『OYAMADA JOYFUL FESTIVAL-おやまだじょいふるフェス-』主催。",練習場所：町田福祉園　体育館,月2回程度　日曜日　10時～16時,まちカフェ！会場を音楽とトーク？で盛り上げます,2回以上参加している,1．期間中にイベント等を開催（詳しい企画の内容は後日イベント企画書をご提出いただきます。市役所会場以外で開催する方もこちらをご選択ください。）,,,,行政や他団体・個人などと新しいつながりができる,,
NPO法人 キーアセット東京町田,きーあせっと　とうきょうまちだ,,,,,,,https://machidafostering-kiiasetto.jp/,里親制度の普及啓発や里親家庭の支援、巣立った子どもたちの自立支援など、里親養育に関して包括的な支援を行っています。,町田児童相談所管内,平日　９時～１９時,「里親制度」に関する説明会、出前講座、専門相談を行います。他団体との連携、協働も進めています！,2回以上参加している,1．期間中にイベント等を開催（詳しい企画の内容は後日イベント企画書をご提出いただきます。市役所会場以外で開催する方もこちらをご選択ください。）,,,,"団体の活動や取り組む社会課題についての周知ができる, 行政や他団体・個人などと新しいつながりができる",,
個人C,おうえんたい,,,,,,,,今回初めておうえん隊に参加を申し込みます。ボランティアの経験は、東日本大震災の被災地での復興支援に参加しました。現在は中小企業診断士のチームの一員として、NPO法人など社会課題の解決に取り組む団体さんの支援に取り組んでいます。,南地域に住まいがありますので、南地域や町田駅周辺が参加しやすいです。,平日日中は仕事があるため、平日夜や土日祝日が参加しやすいです。,ボランティア参加を通じて、町田市で市民活動に取り組んでおられる団体さんやその活動のこと、また町田市地域活動サポートオフィスの活動についてもよく知りたいと思います。,初参加（参加に際し、事務局と30分程度の簡単な顔合わせをお願いしています。オンライン・対面どちらでも大丈夫です。お申込み後、詳細を事務局よりご連絡させていただきます）,"3．まちカフェ！おうえん隊（個人ボランティア）として全体企画の実施や運営支援をする, 4．ワンデイおうえん隊（１日から数日の個人ボランティアとして参加）※登録した方には、実行委員会やボランティア募集のメールをお送りするのでご都合ご関心にあわせてご参加ください）",,,,"広報、企画立案、SNS・ITツールのスキルアップ, メンバー同士のコミュケーションが深まる, 行政や他団体・個人などと新しいつながりができる",第一回の全体会議など、仕事の都合でどうしても参加が難しい日程があるのですが、できる範囲で色々と運営業務に参加、お手伝いができたら良いなと考えております。,
小野路のめかい 篠･竹細工伝統技能保存会,おのじのめかいしのたけざいくでんとうぎのうほぞんかい,,,,,,,https://www.instagram.com/onojinomekai?igsh=Y2MycDNnNGpjOWd4,江戸時代から戦後まで多摩南部地区で農家で冬の副業として作られていた「めかい籠」。現在は制作者の高齢化によってその技術が失われつつあります。当会はその制作技術を後世に継承するため活動しています。,小野路公会堂,"月２回(基本第1日曜日,第3金曜日)13:00〜16:00
","
めかい籠の紹介と会員が制作した「めかい籠」の販売。
永く一緒にめかい籠作りに向き合ってくれる会員募集。",初参加（参加に際し、事務局と30分程度の簡単な顔合わせをお願いしています。オンライン・対面どちらでも大丈夫です。お申込み後、詳細を事務局よりご連絡させていただきます）,5．協賛団体・個人として参加（下記問14・15に回答ください）,企業・団体１口,【4-1】連絡先メールアドレス宛てにメールに添付,,"会員やメンバーなどが増える, 団体の活動や取り組む社会課題についての周知ができる, 新しい取り組みに挑戦する",,
NPO法人目と心の健康相談室,めとこころのけんこうそうだんしつ,,,,,,,https://metokokoro.jimdofree.com/,目の不調に悩んでいる方を対象に眼科医師と看護師、相談員による活動です。相談は有料です,鶴川駅前「目と心の健康相談室事務所」があります,月、水、木、金９：００～１７：００,目に関するあらゆるお困りごとに対応しております。まちカフェにおいては「無料相談日」を設けて地域の皆さまに活用していただければと思います。,2回以上参加している,1．期間中にイベント等を開催（詳しい企画の内容は後日イベント企画書をご提出いただきます。市役所会場以外で開催する方もこちらをご選択ください。）,,【4-1】連絡先メールアドレス宛てにメールに添付,何か役に立ちそうなときはお声かけ下さい。,"団体の活動や取り組む社会課題についての周知ができる, 行政や他団体・個人などと新しいつながりができる, 団体の活動資金を得る（物販の売り上げやイベントの参加費など）",,
社会福祉法人 まちのひ 富士作業所（ベーカリーひあたり）,まちのひ ふじさぎょうしょ（べーかりーひあたり）,,,,,,,https://machinohi.org/,富士作業所は国産小麦を使用した天然酵母パン・菓子の製造販売を主とした生産活動を行っています。主に精神障がいのある方が、自分の得意なことを活かして社会参加、社会貢献できる機会を作り上げています。,富士作業所,毎週月～金曜日9時～17時,,2回以上参加している,2．協働ガイドブック掲載のみで参加（まちカフェ！期間中のイベント実施なし）,,,チラシを店舗や事業所及び、法人内他事業所に配布し宣伝致します。,"メンバー同士のコミュケーションが深まる, 行政や他団体・個人などと新しいつながりができる, 団体の活動資金を得る（物販の売り上げやイベントの参加費など）, ご利用者の工賃の原資を得る。",,
相原ガラスフュージング千の花,あいはらがらすふゅーじんぐせんのはな,,,,,,,インスタグラム　aihara_glass_fusing,相原地域で、ガラスフュージング工芸の作品を作っています。主に、相原中村公会堂で月1回第三木曜日（8月・1月はお休みです）に、ガラスフュージング講座を開催して、アクセサリー作りなどを作って楽しんで貰っています。,相原中村公会堂,毎月第三木曜日10時から12時まで（8月・1月はお休みです）,まちカフェでは、可愛いアクセサリーやキーホルダー作品の販売をしています。,2回以上参加している,1．期間中にイベント等を開催（詳しい企画の内容は後日イベント企画書をご提出いただきます。市役所会場以外で開催する方もこちらをご選択ください。）,,,,"行政や他団体・個人などと新しいつながりができる, 団体の活動資金を得る（物販の売り上げやイベントの参加費など）",,
学校法人　明泉学園,フェリシアこども短期大学,,,,,,,HP  https://www.felicia.ac.jp/      Instagram　https://www.instagram.com/feliciakodomo/　　　　　line　　https://page.line.me/pfo5153i?openQrModal=true,"東京都町田市にある保育の短期大学です！2020年4月、鶴川女子短期大学はから「フェリシアこども短期大学」に生まれ変わりました。
自然があふれる落ち着いた校舎と、付属幼稚園・保育園を活かした実践的で充実した実習が魅力です。少人数制によるきめ細やかな指導と手厚いサポートで安心して学べます。2027年からはAI／ITクラスも始まり、AI・ICTなどこれからの新しい保育に必要なスキルを身につけたい方におすすめです。
",フェリシアこども短期大学,"毎週月曜～金曜/9：00～17：55/土曜・日曜/不定期
","地域交流イベントにて、私たちフェリシアこども短期大学は、学生手作りのバナナスムージーを提供しています。
子どもと関わることが大好きな学生たちが、笑顔で皆さまをお迎えします。
保育・教育の現場で活きる「人と関わる力」を大切にしながら、地域の皆さまとつながる機会を広げています。
ぜひお気軽にお立ち寄りください。",初参加（参加に際し、事務局と30分程度の簡単な顔合わせをお願いしています。オンライン・対面どちらでも大丈夫です。お申込み後、詳細を事務局よりご連絡させていただきます）,1．期間中にイベント等を開催（詳しい企画の内容は後日イベント企画書をご提出いただきます。市役所会場以外で開催する方もこちらをご選択ください。）,,,,"学生と活動する, 団体の活動や取り組む社会課題についての周知ができる, 広報、企画立案、SNS・ITツールのスキルアップ",,
社会福祉法人みずき福祉会町田福祉園　しえるマルシェみんなの食堂,みずきふくしかいまちだふくしえん　しえるマルシェみんなのしょくどう,,,,,,,https://x.com/ciel_marche,誰でもウェルカム！地域の楽しい仲間たちと一緒にマルシェを開催しています。食べて、遊んで、笑いあって・・来て下さることが地域づくりの一歩です。私たちと一緒に地域づくりを楽しみませんか？ハッピーハッピー！,グループホームしえる,マルシェは奇数月第1土曜日10時～13時　よるのみんなの食堂は偶数月第2水曜日17時～19時,地域のイベントなどに出店できる（ミニ四駆　陶芸販売　ワークショップ　紙芝居など）　,初参加（参加に際し、事務局と30分程度の簡単な顔合わせをお願いしています。オンライン・対面どちらでも大丈夫です。お申込み後、詳細を事務局よりご連絡させていただきます）,1．期間中にイベント等を開催（詳しい企画の内容は後日イベント企画書をご提出いただきます。市役所会場以外で開催する方もこちらをご選択ください。）,,,,"会員やメンバーなどが増える, 学生と活動する, 団体の活動や取り組む社会課題についての周知ができる, 行政や他団体・個人などと新しいつながりができる",,
就労移行支援事業所　ウェルビー町田,うぇるびーまちだ,,,,,,,www.welbe.co.jp,障害による不安やお悩みに寄り添い、就職に向けた様々なプログラムをご用意しています。「働きたい気持ち」を大切にし、一人一人のニーズに合わせて道のりを提案します。自分らしく働けるようサポートします。,ウェルビー2カ所の事業所（町田駅前センター、町田市役所前センター）,毎週月曜～土曜　9時～18時,"【これできます！】出張講座、体験会、専門相談、他団体との連携・協働ができます。
【求めています！】なし",2回以上参加している,4．ワンデイおうえん隊（１日から数日の個人ボランティアとして参加）※登録した方には、実行委員会やボランティア募集のメールをお送りするのでご都合ご関心にあわせてご参加ください）,,,,"団体の活動や取り組む社会課題についての周知ができる, メンバー同士のコミュケーションが深まる, 行政や他団体・個人などと新しいつながりができる",一日ボランティア→　チラシの封入など希望します。,
鶴川サイエンスラボ,つるかわさいえんすらぼ,,,,,,,https://tsurukawa-sl.com,将来の科学技術を担う人材育成に貢献すべく、ジュニア世代への科学の伝道師として活動しています。身近な不思議を科学すること/考えることの楽しさの触発を軸として学校や地域団体向けに科学教室を開催しています。,公立学校やその他教育活動団体および地域活動団体の活動拠点,依頼団体との年間活動計画に基づき活動,出前講座・ワークショップ開催、他団体との連携・協働など,2回以上参加している,2．協働ガイドブック掲載のみで参加（まちカフェ！期間中のイベント実施なし）,,,,団体の活動や取り組む社会課題についての周知ができる,,
大♪丈♪夫♪まちだオーケストラ,だいじょうぶまちだおーけすとら,,,,,,,,「愛と平和」をテーマに町田のみなさんに”笑顔”と元気”にできるようなメッセージを音楽で伝えます。,市内のイベントなど,不定期,コンサート,2回以上参加している,1．期間中にイベント等を開催（詳しい企画の内容は後日イベント企画書をご提出いただきます。市役所会場以外で開催する方もこちらをご選択ください。）,,,何かお手伝いできることがあれば積極的に参加したいです,"団体の活動や取り組む社会課題についての周知ができる, 広報、企画立案、SNS・ITツールのスキルアップ, メンバー同士のコミュケーションが深まる, 新しい取り組みに挑戦する",,
賢治の実験室,けんじのじっけんしつ,,,,,,,,小学生からシニアまで参加できる簡単で面白い科学実験教室を行っています。岩石や化石、天文など「地学」分野を中心に町田、相模原で活動しています,忠生市民センター、ひなた村、相模原市エコパーク、市内小学校,休日、金～月　及び学校の休業日,科学教室の実施、児童の管理とまちカフェの参加案内,2回以上参加している,"1．期間中にイベント等を開催（詳しい企画の内容は後日イベント企画書をご提出いただきます。市役所会場以外で開催する方もこちらをご選択ください。）, 3．まちカフェ！おうえん隊（個人ボランティア）として全体企画の実施や運営支援をする",個人2口,【4-1】連絡先メールアドレス宛てにメールに添付,PCにUSBで接続するマイクPCに絶読できるマイクロスコープ（顕微鏡）の貸出（無料）　１０台,"会員やメンバーなどが増える, 行政や他団体・個人などと新しいつながりができる",「シニア世代の科学教室への参加」を極めていきたい。そのために小学生とシニア（60歳overの混成したメンバーの講座を考えている,
もこもこフェスティバル,もこもこふぇすてぃばる,,,,,,,"Instagram(ユーザーネーム: @mokomoko_festival)
https://www.instagram.com/invites/contact/?utm_source=ig_contact_invite&utm_medium=copy_link&utm_content=up0u6e1","私たちは全員町田で子育て中の母親です。母親目線、市民目線で子どもたちの安全安心の""わ（輪・和・環）""を広げたいとサークルを立ち上げました。防犯や安全についてのワークショップや講演会などを行っています。",市役所2階おうえんルーム（まちカフェ！オープンデー）,毎月第一木曜日10時〜12時（まちカフェ！オープンデー）,まちカフェ！ではステージで防犯の紙芝居とプチ講座を実施予定です,2回以上参加している,1．期間中にイベント等を開催（詳しい企画の内容は後日イベント企画書をご提出いただきます。市役所会場以外で開催する方もこちらをご選択ください。）,,,,"団体の活動や取り組む社会課題についての周知ができる, メンバー同士のコミュケーションが深まる, 新しい取り組みに挑戦する, 行政や他団体・個人などと新しいつながりができる",,
特定非営利活動法人町田演劇鑑賞会,まちだえんげきかんしょうかい,,,,,,,http://www.machida-enkan.jp/,バラエティ豊かな心に沁みる演劇を身近で観続ける、会員制・サークル制の非営利文化団体です。観劇と通じて地域の文化を豊かにし、人と人とのつながりを広げます。,町田市民ホール,2ヶ月に1度の観劇,紹介ブースを設置して鑑賞会の宣伝をし会員を増やしたい。他団体との連携・協働を行い関係を深めたい。,2回以上参加している,1．期間中にイベント等を開催（詳しい企画の内容は後日イベント企画書をご提出いただきます。市役所会場以外で開催する方もこちらをご選択ください。）,,,,"会員やメンバーなどが増える, 団体の活動や取り組む社会課題についての周知ができる, 広報、企画立案、SNS・ITツールのスキルアップ, メンバー同士のコミュケーションが深まる, 新しい取り組みに挑戦する, 行政や他団体・個人などと新しいつながりができる",,
鶴川冒険遊びの会／冒険あそびば活動,つるかわぼうけんあそびのかい／ぼうけんあそびばかつどう,,,,,,,https://www.instagram.com/tsurubom?igsh=MTVra240YzY4ZXh5aQ==,鶴川駅中央公園冒険あそび場（つるぼう）は、子ども達の主体性や好奇心を尊重し、失敗を含めた経験を大切にするため、できる限り制限を無くした、みんなが気軽に集えるあそび場です。,東京都町田市鶴川6−6 鶴川中央公園内芝生広場,毎週　火水金土日曜日　10:00〜16:30,『つるぼう』の事をまだ知らない方々へ知っていただけるようPR致します。また工作体験のできるワークショップを開催！,2回以上参加している,1．期間中にイベント等を開催（詳しい企画の内容は後日イベント企画書をご提出いただきます。市役所会場以外で開催する方もこちらをご選択ください。）,,,,"学生と活動する, 団体の活動や取り組む社会課題についての周知ができる, 広報、企画立案、SNS・ITツールのスキルアップ, メンバー同士のコミュケーションが深まる, 新しい取り組みに挑戦する, 行政や他団体・個人などと新しいつながりができる",,
町田市立室内プール,まちだしりつしつないぷーる,,,,,,,https://machidapool-kyoei.jp/,"まちカフェの開催に合わせて通年行っているフードドライブ（ご家庭で余ってしまう食材の寄付）の強化月間を実施します。寄付して頂いた食品は町田市社会福祉協議会を通じて
市内のこども食堂等へ配布されます。",町田市立室内プール,通年（室内プール休館日を除く　※休館日…第1、第2月曜日、年末年始他蒸気停止による休館）,子ども食堂への寄付に繋がる他、食品ロスを減らす取り組みです。,2回以上参加している,"1．期間中にイベント等を開催（詳しい企画の内容は後日イベント企画書をご提出いただきます。市役所会場以外で開催する方もこちらをご選択ください。）, 5．協賛団体・個人として参加（下記問14・15に回答ください）",企業・団体2口,【4-1】連絡先メールアドレス宛てにメールに添付,,団体の活動や取り組む社会課題についての周知ができる,,
個人D,おうえんたい,,,,,,,,"まちカフェ！役員（2019〜2024）
→まちカフェ！実行委員長（2019〜2021）
→まちカフェ！副実行委員長（2022〜2024）
まちだサポーターズとして東京国体、東京五輪、ペスカドーラ町田のボランティア等",町田市内,仕事ない日（最近は平日）がしやすい,,2回以上参加している,"1．期間中にイベント等を開催（詳しい企画の内容は後日イベント企画書をご提出いただきます。市役所会場以外で開催する方もこちらをご選択ください。）, 3．まちカフェ！おうえん隊（個人ボランティア）として全体企画の実施や運営支援をする",,,,"学生と活動する, 団体の活動や取り組む社会課題についての周知ができる, 広報、企画立案、SNS・ITツールのスキルアップ, メンバー同士のコミュケーションが深まる, 行政や他団体・個人などと新しいつながりができる",,
まちカフェ！ステーション,まちかふぇすてーしょん,,,,,,,https://stand.fm/channels/65b11815d47b01310544d294,音声配信アプリ stand.fm （通称スタエフ）でまちカフェ！に関する情報を発信しています。まちカフェ！実行委員会メンバーの広報ツールとしての音声配信を応援しています。,オンライン（ stand.fmアプリ、YouTube）、町田市内,毎週木曜日配信、毎月第一木曜日まちカフェ！オープンデーにてライブ配信,スマホひとつで手軽にできる音声配信を一緒に盛り上げてくれるサポーター大歓迎です。,2回以上参加している,1．期間中にイベント等を開催（詳しい企画の内容は後日イベント企画書をご提出いただきます。市役所会場以外で開催する方もこちらをご選択ください。）,,,,"会員やメンバーなどが増える, 団体の活動や取り組む社会課題についての周知ができる, 行政や他団体・個人などと新しいつながりができる, 音声配信に挑戦する団体が増える",,
愛恵会乳児院　CoCoひろば,あいけいかいにゅうじいん　ここひろば,,,,,,,https://aikeikai-babyhome.org/,３歳未満の子どもと保護者が過ごす居場所「CoCoひろば」です。毎週火・木曜日の10:00～12:00に開催しています。木製の玩具やからだを動かして遊べるスペース、絵本コーナー、授乳室があります。時々イベントをやっています。,社会福祉法人　愛恵会乳児院　CoCoひろば,毎週火・木曜日、10:00～12:00です。,子育て広場CoCoひろば、赤ちゃんのショートステイ・ベビーCoCo、妊産婦等生活援助事業miraitoなど、愛恵会乳児院で行っている事業を市民の皆さんに広くお知らせしたいです。,2回以上参加している,"1．期間中にイベント等を開催（詳しい企画の内容は後日イベント企画書をご提出いただきます。市役所会場以外で開催する方もこちらをご選択ください。）, 5．協賛団体・個人として参加（下記問14・15に回答ください）",企業・団体１口,【4-1】連絡先メールアドレス宛てにメールに添付,チラシの配架,"団体の活動や取り組む社会課題についての周知ができる, 行政や他団体・個人などと新しいつながりができる",5/28（木）参加いたします。よろしくお願いいたします。,
個人E,おうえんたい,,,,,,,https://www.instagram.com/cabana_machida?igsh=MXc3c3QxcW9uc240Zw%3D%3D&utm_source=qr,育児中でもやりたいことを諦めないをコンセプトに、リフレ体験会や交流会を定期的に開催しています。,町田市内,不定期,親子でフリマ体験,初参加（参加に際し、事務局と30分程度の簡単な顔合わせをお願いしています。オンライン・対面どちらでも大丈夫です。お申込み後、詳細を事務局よりご連絡させていただきます）,1．期間中にイベント等を開催（詳しい企画の内容は後日イベント企画書をご提出いただきます。市役所会場以外で開催する方もこちらをご選択ください。）,,,司会、サロン開催時にチラシ配り,"メンバー同士のコミュケーションが深まる, 団体の活動資金を得る（物販の売り上げやイベントの参加費など）",,
相原ガラスフュージング千の花,あいはらがらすふゅーじんぐせんのはな,,,,,,,,相原地区を中心に、イタリアガラスのモレッティガラスとミルフィオリのチップを組み合わせて焼成して、ガラスフュージング工芸作品を作る出張型講座を開催しています。,定例では相原中村公会堂にて、講座開催しています。,毎月第三木曜日10時より12時まで（1月と8月はお休みです。）,まちカフェ！では、作品の販売を行います。ガラスのキーホルダーやピアス、ペンダント、箸置き、壁飾りアートなど、キラキラしたガラスの透明感を手元に置いてみませんか？！,2回以上参加している,1．期間中にイベント等を開催（詳しい企画の内容は後日イベント企画書をご提出いただきます。市役所会場以外で開催する方もこちらをご選択ください。）,,,ガラスフュージングの作品を提供します。,"行政や他団体・個人などと新しいつながりができる, 団体の活動資金を得る（物販の売り上げやイベントの参加費など）",,
チーム本町田1582,ちーむほんまちだいちごうはちに,,,,,,,チーム本町田1582,"本町田は町田の中心、所の中心が宿。
歴史の生き証人、小川源兵衛屋敷の蔵からの古文書発掘　　
其の郷土史を記録に残すために、
平成30年本町田宿自治会で『郷土本町田・宿　その歴史をたどる』を編成
其の8年後、その郷土史を有効活用すべくこのチームが立ち上がった。",1．町田市周辺の神社仏閣、文化遺跡など　2．町田市第三小学校　3．夏祭り、例大祭,1．歴史ウォーキング　2．学校での歴史授業　3．本町田行進曲の披露,1．本町田の歴史と誕生遺跡の普及　2．本町田行進曲の普及,2回以上参加している,"1．期間中にイベント等を開催（詳しい企画の内容は後日イベント企画書をご提出いただきます。市役所会場以外で開催する方もこちらをご選択ください。）, 5．協賛団体・個人として参加（下記問14・15に回答ください）",個人1口,【6】  配布物・請求書（協賛）等送付先住所宛てに郵送,,"会員やメンバーなどが増える, 団体の活動や取り組む社会課題についての周知ができる, メンバー同士のコミュケーションが深まる",,
古本等リサイクル委員会,ふるほんとうりさいくるいいんかい,,,,,,,,市民の皆さんから寄贈された古本をリユースしています。そこで得たカンパ金を、ＮＰＯ団体を通してアジアの子供たちへの図書や奨学金に役立ててもらう国際交流の活動を行っています。,町田市庁舎,不定期,,2回以上参加している,1．期間中にイベント等を開催（詳しい企画の内容は後日イベント企画書をご提出いただきます。市役所会場以外で開催する方もこちらをご選択ください。）,,,,"団体の活動や取り組む社会課題についての周知ができる, 行政や他団体・個人などと新しいつながりができる",,
NPO法人　氣の活用コム,きのかつようコム,,,,,,,kinokatsuyo.com  ,合氣道から‟投げ技”を除いて＜心・技・体＞の「ヤル氣の出し方」「心の鎮め方」「不動心・不動体」「成功したイメ－ジづくり」などを実技指導。氣で身体の中を洗う『氣の全身呼吸法』で、免疫力と自然治癒力を高める実技指導。,全国の寺院//町田市民文学館・大会議室//麻生区市民館//氣の活用コム研修所,不定期,"『生・老・病・死』のそれぞれの分野における‟氣の活用法”を実技指導して、
町田や日本各地を元氣にしたい。",2回以上参加している,"1．期間中にイベント等を開催（詳しい企画の内容は後日イベント企画書をご提出いただきます。市役所会場以外で開催する方もこちらをご選択ください。）, 5．協賛団体・個人として参加（下記問14・15に回答ください）","企業・団体3口以上（下記その他に口数をご記入ください）, 10口　￥50,000",【4-1】連絡先メールアドレス宛てにメールに添付,,"団体の活動や取り組む社会課題についての周知ができる, メンバー同士のコミュケーションが深まる, 行政や他団体・個人などと新しいつながりができる",,
絲子〜ito.ko〜,いとこ,,,,,,,https://www.Instagram.com/itoko.craft.lv2/,本革を用いたレザークラフト、革小物作品を製作し、町田市内と近傍で開催されるイベントに出展しています。革小物を作るワークショップを行い、手作りの楽しさを伝えたいと考えています。,町田市内及び町田市近傍,不定期,まちカフェ！では簡単にできる革小物作りのワークショップを行います。手作りをお楽しみいただければと思います。,2回以上参加している,1．期間中にイベント等を開催（詳しい企画の内容は後日イベント企画書をご提出いただきます。市役所会場以外で開催する方もこちらをご選択ください。）,,,来場者向けの景品提供できます,"新しい取り組みに挑戦する, 行政や他団体・個人などと新しいつながりができる",,
町田やさしい日本語の会,まちだやさしいにほんごのかい,,,,,,,,町田市に住む外国の方への情報伝達・コミュニケーションにやくだつわかりやすい日本語の普及をしています。,町田市民フォーラム,随時不定期,掲示などを通じて市民の方に「やさしい日本語」を知ってもらう活動をします。,2回以上参加している,1．期間中にイベント等を開催（詳しい企画の内容は後日イベント企画書をご提出いただきます。市役所会場以外で開催する方もこちらをご選択ください。）,,,,"会員やメンバーなどが増える, 団体の活動や取り組む社会課題についての周知ができる, 行政や他団体・個人などと新しいつながりができる",,
色彩心理グリーンハートラボ,しきさいしんりぐりーんはーとらぼ,,,,,,,https://www.facebook.com/profile.php?id=100086465106683,「色は心のメッセージ」を合言葉に、「色と心のつながり」をお伝えしながら、色彩心理をメンタルケアに活用する色彩セラピー、ワークショップの開催、また、個人向けのカウンセリング等を行なっています。,緑山色彩心理研究室,毎月第4日曜日,"色彩心理に関する講義、ワークショップ、カウンセリング。まちカフェ！では色彩心理のぬりえのワークショップを実施。
",2回以上参加している,"1．期間中にイベント等を開催（詳しい企画の内容は後日イベント企画書をご提出いただきます。市役所会場以外で開催する方もこちらをご選択ください。）, 5．協賛団体・個人として参加（下記問14・15に回答ください）",個人1口,【6】  配布物・請求書（協賛）等送付先住所宛てに郵送,,"会員やメンバーなどが増える, 学生と活動する, 団体の活動や取り組む社会課題についての周知ができる, 広報、企画立案、SNS・ITツールのスキルアップ, メンバー同士のコミュケーションが深まる, 新しい取り組みに挑戦する, 行政や他団体・個人などと新しいつながりができる, 団体の活動資金を得る（物販の売り上げやイベントの参加費など）",,
フラワーセラピー研究会町田チーム,ふらわーせらぴーけんきゅうかいまちだちーむ,,,,,,,"
インスタグラム　フラワーセラピー研究会町田チーム　特定非営利活動法人フラワーセラピー研究会
","不思議な力を持つ花（植物）をコミュニケーションツールに自由な作品作りを楽しむ
フラワーセラピー教室を高齢者施設、子育て支援、生涯学習の場で展開しています","フラワーセラピー活動：依頼先施設、イベント会場
定例会：町田市民フォーラム　",不定期,"フラワーセラピー教室　出前講座　ワークショップ・体験
他団体との連携・協働　",2回以上参加している,1．期間中にイベント等を開催（詳しい企画の内容は後日イベント企画書をご提出いただきます。市役所会場以外で開催する方もこちらをご選択ください。）,,,,"会員やメンバーなどが増える, メンバー同士のコミュケーションが深まる, 新しい取り組みに挑戦する, 行政や他団体・個人などと新しいつながりができる, 団体の活動資金を得る（物販の売り上げやイベントの参加費など）",,
いざ！鎌倉古道の会,いざ！かまくらこどうのかい,,,,,,,https://kamakurakodo.jimdofree.com/,「歴史街道のまち・まちだ」を合言葉に歩く健康スポーツとして幅広い年代層の皆様に気軽に参加できる活動として、ウォーキング・古道整備や歴史講演会を実施。「メルマガKodoh」を発信して広報活動を実施しています。,"①野津田公園南口の華厳院坂脇の古道整備  ②町田市内の古道ウォーク(年間数回)
③講演会(市民フォーラム)
",①古道整備、月一回。②運営委員会、月一回。③各種イベント開催。,多摩丘陵に遺る鎌倉街道(上ノ道)の魅力を解説パネルで説明いたします。,2回以上参加している,"1．期間中にイベント等を開催（詳しい企画の内容は後日イベント企画書をご提出いただきます。市役所会場以外で開催する方もこちらをご選択ください。）, 5．協賛団体・個人として参加（下記問14・15に回答ください）",企業・団体１口,【4-1】連絡先メールアドレス宛てにメールに添付,,"会員やメンバーなどが増える, 学生と活動する, 団体の活動や取り組む社会課題についての周知ができる, 広報、企画立案、SNS・ITツールのスキルアップ, メンバー同士のコミュケーションが深まる, 新しい取り組みに挑戦する, 行政や他団体・個人などと新しいつながりができる","今回から、当会特注の展示ボードの使用が出来なくなりました。
パネル掲示用のボードの貸与を希望いたします。",
きんじょの本棚,きんじょのほんだな,,,,,,,https://kinjonohondana.studio.site/,地域の店舗や個人宅などに小さな本棚を設置し、本を自由に借り返しできる仕組みを通じて、本と人、人とまちが出会う交流の場を、各地へ広げる活動を行っています。,自宅、お店、いろいろ,毎日,,2回以上参加している,1．期間中にイベント等を開催（詳しい企画の内容は後日イベント企画書をご提出いただきます。市役所会場以外で開催する方もこちらをご選択ください。）,,,,"会員やメンバーなどが増える, メンバー同士のコミュケーションが深まる",,
NPO法人たがやす,たがやす,,,,,,,"https://npo-tagayasu.o.oo7.jp/
https://www.facebook.com/profile.php?id=61551748396625&ref=embed_page",町田市内で活動をしている、NPO法人たがやすです。都市農業を絶やしたくないと特に町田市内の農家さんと連携を取り、毎週火曜日軒先で新鮮な野菜販売をしております。みなさんで町田産の野菜をたくさん食べて応援しましょう。,"生活ｸﾗﾌﾞ館まちだ１階、
研修先：萬松寺、七国山ファーム、小野路農園クラブ","野菜販売（事務所）：毎週火曜日、
萬松寺研修(毎週土曜日)、七国山研修(毎週木、土曜)、小野路農園クラブ(毎週土、日)","町田市産の野菜、陶芸、染め物販売します。
町田市内での活動を知ってほしいです。",2回以上参加している,1．期間中にイベント等を開催（詳しい企画の内容は後日イベント企画書をご提出いただきます。市役所会場以外で開催する方もこちらをご選択ください。）,,,,"メンバー同士のコミュケーションが深まる, 団体の活動資金を得る（物販の売り上げやイベントの参加費など）, イベント参加団体の活動が見れる",,
町田いぬねこ守り手ネットワーク,まちだいぬねこまもりてねっとわーく,,,,,,,"https://mamorite.net/
https://www.instagram.com/mamorite.network/",「飼い主のいない犬猫」ゼロをミッションとし、保護活動者支援・ペット防災啓発・譲渡促進・飼い主のもしもに備える講座・地域イベントへの参加などを行なっています。人と動物が安心して幸せに暮らせる社会を目指しています。,町田市内,不定期（土日祝中心・平日活動もあり/イベント開催時・定例ミーティング・保護活動対応など）,楽しみながら飼い主のいない犬猫支援！まちカフェ！では、「チャリティーグッズ販売＆ワークショップ」を予定しています。,2回以上参加している,1．期間中にイベント等を開催（詳しい企画の内容は後日イベント企画書をご提出いただきます。市役所会場以外で開催する方もこちらをご選択ください。）,,,,"会員やメンバーなどが増える, 団体の活動や取り組む社会課題についての周知ができる, メンバー同士のコミュケーションが深まる, 行政や他団体・個人などと新しいつながりができる, 団体の活動資金を得る（物販の売り上げやイベントの参加費など）",,
Lea Lea,れあ　れあ,,,,,,,,"健康運動指導士による、楽しく笑顔になれる、
脳も身体も喜ぶ、フィットネスの指導を行なっています。世代を超えてみんなで参加できる場作りを目指します。","つくし野コミュニティセンター　ホール
鶴川市民センター　など",不定期,"身体も頭も使って、笑いが溢れるスマイル体操をみなさんで楽しみましょう。
ブースを巡る足を止めて、思わず身体が動いてしまう心も身体も喜ぶ時間を提供します。
",初参加（参加に際し、事務局と30分程度の簡単な顔合わせをお願いしています。オンライン・対面どちらでも大丈夫です。お申込み後、詳細を事務局よりご連絡させていただきます）,1．期間中にイベント等を開催（詳しい企画の内容は後日イベント企画書をご提出いただきます。市役所会場以外で開催する方もこちらをご選択ください。）,,,,"団体の活動や取り組む社会課題についての周知ができる, 行政や他団体・個人などと新しいつながりができる",,
公益社団法人町田市シルバー人材センター,まちだししるばーじんざいせんたー,,,,,,,https://webc.sjc.ne.jp/machida/,町田市シルバー人材センターは、町田市に居住する、60歳以上の、働く意欲を持った健康な方を構成員とし、一般家庭、事業所、官公庁等からの仕事を請け負い、会員の希望と能力に応じた仕事を提供することにより活力ある地域社会をつくりだすことを目的としています。,わくわくプラザ町田,土日祝日を除く8：30～17：00,実施する催しについては、現在調整委中です。,2回以上参加している,5．協賛団体・個人として参加（下記問14・15に回答ください）,企業・団体１口,【6】  配布物・請求書（協賛）等送付先住所宛てに郵送,,"会員やメンバーなどが増える, 団体の活動や取り組む社会課題についての周知ができる",,
一般財団法人　町田市文化・国際交流財団　町田国際交流センター,まちだしぶんか・こくさいこうりゅうざいだん　まちだこくさいこうりゅうせんたー,,,,,,,https://www.machida-kokusai.jp/,ボランティアによる日本語教室、外国人相談、国際理解・協力や交流イベントの開催のほか、外国にルーツを持つ子どものための学習支援等を実施。日本人も外国人もともに助け合い協力できる街づくりを目指しています。,町田市民フォーラム4F　町田国際交流センター,毎週月曜日～土曜日　9時～17時,多文化共生に関心のあるボランティアを募集しています,2回以上参加している,1．期間中にイベント等を開催（詳しい企画の内容は後日イベント企画書をご提出いただきます。市役所会場以外で開催する方もこちらをご選択ください。）,,,,"会員やメンバーなどが増える, 団体の活動や取り組む社会課題についての周知ができる",,
個人F,さつえいおうえんたい,,,,,,,Facebook.com/Saiji.Kuniyasu,「ふるさと魅力活力活性おうえん撮影配信」をキャッチフレーズに町田の季節の花・風景・イベントなどの撮影協力でJCI_Machidaをはじめ各団体に協力を継続中です,市内各所,四季の花の季節およびイベント開催日,今年はとくに動きのある写真を撮りたいと想いを馳せています,2回以上参加している,"2．協働ガイドブック掲載のみで参加（まちカフェ！期間中のイベント実施なし）, 3．まちカフェ！おうえん隊（個人ボランティア）として全体企画の実施や運営支援をする, 4．ワンデイおうえん隊（１日から数日の個人ボランティアとして参加）※登録した方には、実行委員会やボランティア募集のメールをお送りするのでご都合ご関心にあわせてご参加ください）",,,,"広報、企画立案、SNS・ITツールのスキルアップ, メンバー同士のコミュケーションが深まる, 行政や他団体・個人などと新しいつながりができる",都度質問させていただきます、よろしくお願いします。,"1. 準備会：5月28日（木）18:30～20:30｜市庁舎3階会議室, 2. <必須>第１回全体会議：6月18日（木）18:30～20:30 ｜市庁舎3階会議室, 3. <交流>第２回全体会議：9月18日（金）18:30～20:30 ｜市庁舎3階会議室, 4. <広報物配布・交流>第３回全体会議：10月15日（木）18:30～20:30｜市庁舎3階会議室, 5. <市庁舎出店団体必須参加>第４回全体会議：11月19日（木）18:30～20:30 ｜市庁舎3階会議室, 6.<交流> アワード表彰式＆交流会：2027年1月15日（金）18:30～20:00｜市庁舎2階市民協働おうえんルーム"
社会福祉法人　悠々会,しゃかいふくしほうじん　ゆうゆうかい,,,,,,,https://www.yuyuen.com/,地域の高齢者が安心して暮らせるよう、困りごとを解決する「生活支援おうえん隊」の企画・運営や、日頃のボランティア活動を行っています。見守り声かけや生活のお手伝いなど、地域全体で支え合う仕組みを作っています。,市内全域を対象にしております。本部は悠々会本部です。,平日8：30～17：30　祝日・土日休み,地域を支える仲間を募集中！新しくボランティア団体を立ち上げたい方の相談や、活動紹介を行います。,2回以上参加している,1．期間中にイベント等を開催（詳しい企画の内容は後日イベント企画書をご提出いただきます。市役所会場以外で開催する方もこちらをご選択ください。）,,,,"会員やメンバーなどが増える, 団体の活動や取り組む社会課題についての周知ができる, 広報、企画立案、SNS・ITツールのスキルアップ, メンバー同士のコミュケーションが深まる",,"2. <必須>第１回全体会議：6月18日（木）18:30～20:30 ｜市庁舎3階会議室, 3. <交流>第２回全体会議：9月18日（金）18:30～20:30 ｜市庁舎3階会議室, 4. <広報物配布・交流>第３回全体会議：10月15日（木）18:30～20:30｜市庁舎3階会議室, 5. <市庁舎出店団体必須参加>第４回全体会議：11月19日（木）18:30～20:30 ｜市庁舎3階会議室, 6.<交流> アワード表彰式＆交流会：2027年1月15日（金）18:30～20:00｜市庁舎2階市民協働おうえんルーム"
個人G,おうえんたい,,,,,,,,ワンデイおうえん隊、当日のツアーガイド　など,町田市役所及び町田市内,週後半　木曜・金曜　午後　不定期,,2回以上参加している,"3．まちカフェ！おうえん隊（個人ボランティア）として全体企画の実施や運営支援をする, 4．ワンデイおうえん隊（１日から数日の個人ボランティアとして参加）※登録した方には、実行委員会やボランティア募集のメールをお送りするのでご都合ご関心にあわせてご参加ください）",,,,"学生と活動する, 広報、企画立案、SNS・ITツールのスキルアップ, 新しい取り組みに挑戦する, 行政や他団体・個人などと新しいつながりができる",今年も、ワンデイも前日・当日も協力します。　よろしくお願いします。,"1. 準備会：5月28日（木）18:30～20:30｜市庁舎3階会議室, 2. <必須>第１回全体会議：6月18日（木）18:30～20:30 ｜市庁舎3階会議室, 3. <交流>第２回全体会議：9月18日（金）18:30～20:30 ｜市庁舎3階会議室, 4. <広報物配布・交流>第３回全体会議：10月15日（木）18:30～20:30｜市庁舎3階会議室, 5. <市庁舎出店団体必須参加>第４回全体会議：11月19日（木）18:30～20:30 ｜市庁舎3階会議室, 6.<交流> アワード表彰式＆交流会：2027年1月15日（金）18:30～20:00｜市庁舎2階市民協働おうえんルーム"
まちいろドロップス,まちいろどろっぷす,,,,,,,まちいろドロップスInstagram：https://x.gd/HpiP6,"町田でどんな人も気軽に参加のできる対話の場作りをしています。
（哲学対話・こどもや親子の対話・デスカフェ・トーキングサークルなど）
▶対話の場の企画や進行役など、お仕事のご相談・ご依頼も気軽にどうぞ。",東急リバブル町田センター／SUGAFEなど,毎月不定期開催（平日or土日）／インスタで情報発信しています,フラットに対話できる場作りが得意です！毎年定例の地域活動をテーマにした対話会を今年も開催予定です。,2回以上参加している,1．期間中にイベント等を開催（詳しい企画の内容は後日イベント企画書をご提出いただきます。市役所会場以外で開催する方もこちらをご選択ください。）,,,,"会員やメンバーなどが増える, 団体の活動や取り組む社会課題についての周知ができる, 広報、企画立案、SNS・ITツールのスキルアップ, 新しい取り組みに挑戦する, 団体の活動資金を得る（物販の売り上げやイベントの参加費など）",,"2. <必須>第１回全体会議：6月18日（木）18:30～20:30 ｜市庁舎3階会議室, 3. <交流>第２回全体会議：9月18日（金）18:30～20:30 ｜市庁舎3階会議室, 4. <広報物配布・交流>第３回全体会議：10月15日（木）18:30～20:30｜市庁舎3階会議室, 5. <市庁舎出店団体必須参加>第４回全体会議：11月19日（木）18:30～20:30 ｜市庁舎3階会議室, 6.<交流> アワード表彰式＆交流会：2027年1月15日（金）18:30～20:00｜市庁舎2階市民協働おうえんルーム"
癒心地（いごこち）ライフサポーター,いごこちらいふさぽーたー,,,,,,,https://elaineelaineelaine.com/,音声配信SNSやオンラインセッションを通じて、算命学で生年月日から生まれ持った才能を読み解き、心身ともに健やかに人生と向き合えるようサポートしています。,音声配信アプリstand.fm、公式LINE、オンラインセッション,ほぼ毎日（ライフワークです）,オンラインセッションにて、生年月日から導く生まれ持った才能のタネ「トイロキャラ」を読み解きます。,初参加（参加に際し、事務局と30分程度の簡単な顔合わせをお願いしています。オンライン・対面どちらでも大丈夫です。お申込み後、詳細を事務局よりご連絡させていただきます）,"1．期間中にイベント等を開催（詳しい企画の内容は後日イベント企画書をご提出いただきます。市役所会場以外で開催する方もこちらをご選択ください。）, 5．協賛団体・個人として参加（下記問14・15に回答ください）","個人3口以上（下記その他に口数をご記入ください）, 5口　",【4-1】連絡先メールアドレス宛てにメールに添付,,"新しい取り組みに挑戦する, まちカフェ！のオンラインを盛り上げる",事務局兼務なので、ご迷惑のかからない形で、セッションスケジュールを組みたいと思っています。サポートオフィスの出展があれば、チラシ置かせてください。会場マップにも載らない、オンライン企画をどう盛り上げていくか、実験したいと思います。,"1. 準備会：5月28日（木）18:30～20:30｜市庁舎3階会議室, 2. <必須>第１回全体会議：6月18日（木）18:30～20:30 ｜市庁舎3階会議室, 3. <交流>第２回全体会議：9月18日（金）18:30～20:30 ｜市庁舎3階会議室, 4. <広報物配布・交流>第３回全体会議：10月15日（木）18:30～20:30｜市庁舎3階会議室, 5. <市庁舎出店団体必須参加>第４回全体会議：11月19日（木）18:30～20:30 ｜市庁舎3階会議室, 6.<交流> アワード表彰式＆交流会：2027年1月15日（金）18:30～20:00｜市庁舎2階市民協働おうえんルーム"
清住平Wind Music,きよすみだい ういんどみゅーじっく,,,,,,,"【Instagram】
Instagram.com/kiyosumidai_wind_music
【YouTube】
youtube.com/@kiyosumidai.windmusic","小山田のご近所さんで結成されたバンドです。昔、杵柄を取ってきた人もいれば、バンドに入ってから頑張っているメンバーも！
音楽で小山田を盛り上げる♫OYAMADA JOYFUL FESTIVAL主催",社会福祉法人みずき福祉会 町田福祉園 体育館,日曜日 10時～16時(月2回程度),吹奏楽が練習できる会場を探しています！,2回以上参加している,1．期間中にイベント等を開催（詳しい企画の内容は後日イベント企画書をご提出いただきます。市役所会場以外で開催する方もこちらをご選択ください。）,,,,行政や他団体・個人などと新しいつながりができる,,"1. 準備会：5月28日（木）18:30～20:30｜市庁舎3階会議室, 2. <必須>第１回全体会議：6月18日（木）18:30～20:30 ｜市庁舎3階会議室, 3. <交流>第２回全体会議：9月18日（金）18:30～20:30 ｜市庁舎3階会議室, 4. <広報物配布・交流>第３回全体会議：10月15日（木）18:30～20:30｜市庁舎3階会議室, 5. <市庁舎出店団体必須参加>第４回全体会議：11月19日（木）18:30～20:30 ｜市庁舎3階会議室"
プティハーモニー児童合唱団,ぷてぃはーもにーじどうがっしょうだん,,,,,,,https://www.instagram.com/petit.harmony_chorus?igsh=MWF0aW42ZjVvd3hlcA%3D%3D&utm_source=qr,"2025年3月に発足しました。
町田市金森で活動しているプティハーモニー児童合唱団です。
歌う機会、学ぶ機会の少なくなってしまっている、日本の名曲を中心に合唱曲やジブリソングなどを楽しく学んでいます。
指導は、複数の合唱団の指揮をしていらっしゃる柴山陽子先生です。
ピアニスト兼代表は、町田でピアノ教室を主宰、多数の合唱団や声楽の伴奏者としても活動しております稲葉千恵が務めております。

歌う喜び、ハモる面白さ、幅広い年齢層の子供同士の繋がりを感じながら楽しく活動しております。",町田市金森　かわせみ会館,月2回　土曜日/10:00-11:30.,"童謡や合唱曲をたくさん学んでいるので、子供たちの歌声を幅広い年齢の方に楽しんでいただきたいです。
よろしくお願いいたします。",初参加（参加に際し、事務局と30分程度の簡単な顔合わせをお願いしています。オンライン・対面どちらでも大丈夫です。お申込み後、詳細を事務局よりご連絡させていただきます）,1．期間中にイベント等を開催（詳しい企画の内容は後日イベント企画書をご提出いただきます。市役所会場以外で開催する方もこちらをご選択ください。）,,,,"広報、企画立案、SNS・ITツールのスキルアップ, メンバー同士のコミュケーションが深まる, 新しい取り組みに挑戦する, 行政や他団体・個人などと新しいつながりができる","ピアノがある場所で演奏させていただきたく存じます。
よろしくお願いいたします。",
Colorful Life,からふるらいふ,,,,,,,https://www.instagram.com/yomogi_colorful.life_?utm_source=qr,自宅でおかま直伝よもぎ蒸し®とおかま直伝®からだほぐしをやっています。,自宅,月、火、水、木、土曜日 10:00～17:00,京都のおかまママが伝えるよもぎ蒸しとからだほぐしを自宅でやっています。疲れたからだを芯までじんわり温まり、その後じっくりほぐしていきます。,初参加（参加に際し、事務局と30分程度の簡単な顔合わせをお願いしています。オンライン・対面どちらでも大丈夫です。お申込み後、詳細を事務局よりご連絡させていただきます）,5．協賛団体・個人として参加（下記問14・15に回答ください）,個人1口,【4-1】連絡先メールアドレス宛てにメールに添付,チラシ配り,"会員やメンバーなどが増える, 行政や他団体・個人などと新しいつながりができる",,
狂言講座＆表現の芽をはぐくむ会,きょうげんこうざあんどひょうげんのめをはぐくむかい,,,,,,,"①狂言講座note https://note.com/kyogen_kouza 
②表現の芽をはぐくむ会HPhttps://hagukumukai.amebaownd.com/","①古典芸能・狂言の普及活動「狂言講座」：豊富な体験コーナーで狂言の魅力を楽しく体感できる全員参加型の講座②「表現の芽をはぐくむ会」：狂言と演劇を通して""自分自身を表す""演劇表現広場。絵画教室もあり",つくし野コミュニティセンター第二会議室,不定期,演劇表現や絵画を実際に体験することで演劇がグッと身近に！楽しく自己表現をしてみませんか？,2回以上参加している,1．期間中にイベント等を開催（詳しい企画の内容は後日イベント企画書をご提出いただきます。市役所会場以外で開催する方もこちらをご選択ください。）,,,,"会員やメンバーなどが増える, 団体の活動や取り組む社会課題についての周知ができる, 広報、企画立案、SNS・ITツールのスキルアップ, 新しい取り組みに挑戦する, 行政や他団体・個人などと新しいつながりができる, 団体の活動資金を得る（物販の売り上げやイベントの参加費など）",,"2. <必須>第１回全体会議：6月18日（木）18:30～20:30 ｜市庁舎3階会議室, 3. <交流>第２回全体会議：9月18日（金）18:30～20:30 ｜市庁舎3階会議室, 4. <広報物配布・交流>第３回全体会議：10月15日（木）18:30～20:30｜市庁舎3階会議室, 5. <市庁舎出店団体必須参加>第４回全体会議：11月19日（木）18:30～20:30 ｜市庁舎3階会議室"
ディーキャリア町田オフィス,でぃーきゃりあまちだおふぃす,,,,,,,https://dd-career.com/office_data/machida/,発達障害のある方の「働く」をサポートする就労移行支援事業所では、日々の訓練内容やオフィスの強みなどをご紹介。訓練生が地域の皆さまとの交流の場をご用意してお待ちしております！,ディーキャリア町田オフィス（MFビル3階）,月～金曜日の10時～16時,発達障害のある方の「働く」をサポートする就労移行支援事業所では、訓練内容やオフィス強みなどをご紹介！,2回以上参加している,1．期間中にイベント等を開催（詳しい企画の内容は後日イベント企画書をご提出いただきます。市役所会場以外で開催する方もこちらをご選択ください。）,,,,"会員やメンバーなどが増える, 団体の活動や取り組む社会課題についての周知ができる, 広報、企画立案、SNS・ITツールのスキルアップ, メンバー同士のコミュケーションが深まる, 新しい取り組みに挑戦する, 行政や他団体・個人などと新しいつながりができる",事業所の訓練生と一緒に単発ではありますが、チラシ折りや袋詰めなどの軽作業があればお手伝いさせていただける機会があればと思っております。よろしくお願いいたします。,"2. <必須>第１回全体会議：6月18日（木）18:30～20:30 ｜市庁舎3階会議室, 3. <交流>第２回全体会議：9月18日（金）18:30～20:30 ｜市庁舎3階会議室"
多文化クラブDANRO,たぶんかくらぶだんろ,,,,,,,"https://www.facebook.com/share/1B9qeXsP5b/?mibextid=wwXIfr

https://danroccc.jimdofree.com/","町田市を中心に地域の多文化共生の実現を目指し、互いの違いを理解し合って友達になれるような、あたたかな場を作る活動をしています。
だんろを囲んで、思いやりを。
だんろで語って、悦びを。
だんろで笑って、安心を！！
Let’s be friends!!",鶴川図書コミュニティ施設つるぼん、つるっこ、レマーニ,"親子クラブ: 第3火曜日10時30分ー13時
日本語クラブ: 日曜日（不定期）13時30分ー15時
コミュニケーションクラブ: 日曜日（不定期）16時ー17時","（様々なバックグランドを持つみなさんが自分の文化や経験などを地域コミュニティで活かせるように応援、協働し、自分らしく安心して過ごせる町田を目指しています。）
まちカフェではアフリカ布Shweshwe の手作り小物、パラグアイの刺繍作品の販売、バングラデシュの温かちチャイの販売をします。そして今年はオーストラリア人パパのパフォーマンスも楽しんでください。",2回以上参加している,1．期間中にイベント等を開催（詳しい企画の内容は後日イベント企画書をご提出いただきます。市役所会場以外で開催する方もこちらをご選択ください。）,,,,"会員やメンバーなどが増える, 団体の活動や取り組む社会課題についての周知ができる, メンバー同士のコミュケーションが深まる, 行政や他団体・個人などと新しいつながりができる, 団体の活動資金を得る（物販の売り上げやイベントの参加費など）",,
オンラインサポーターまちだ,おんらいんさぽーたーまちだ,,,,,,,https://share.google/BrMG6mJs8xSgvvmAB,シニアが住み慣れた街で、自分らしく心豊かに暮らし続けるため、スマホなどの使い方サポートを行い、無理のない緩やかな多世代共生社会を目指します。,木曽、成瀬等,第3水曜日、不定期,サポーターさん募集中！まちカフェでは、スマホ相談所開設、クイズもあります！景品もあるので遊びに来てね〜！！,2回以上参加している,"1．期間中にイベント等を開催（詳しい企画の内容は後日イベント企画書をご提出いただきます。市役所会場以外で開催する方もこちらをご選択ください。）, 5．協賛団体・個人として参加（下記問14・15に回答ください）",企業・団体１口,【4-1】連絡先メールアドレス宛てにメールに添付,,"会員やメンバーなどが増える, 団体の活動や取り組む社会課題についての周知ができる",,"2. <必須>第１回全体会議：6月18日（木）18:30～20:30 ｜市庁舎3階会議室, 5. <市庁舎出店団体必須参加>第４回全体会議：11月19日（木）18:30～20:30 ｜市庁舎3階会議室"
町田ファーマーズ,まちだふぁーまーず,,,,,,,なし,町田市研修農場のOBの集まりです。毎週土曜日にみんなで集まって小野寺で野菜を作っています。一緒に野菜を作ってみたい人も募集しています。ぜひ遊びに来てください。,町田市小野寺,毎週土曜日、午前中,,2回以上参加している,2．協働ガイドブック掲載のみで参加（まちカフェ！期間中のイベント実施なし）,,,,"会員やメンバーなどが増える, 学生と活動する, 行政や他団体・個人などと新しいつながりができる, 団体の活動資金を得る（物販の売り上げやイベントの参加費など）",,"2. <必須>第１回全体会議：6月18日（木）18:30～20:30 ｜市庁舎3階会議室, 3. <交流>第２回全体会議：9月18日（金）18:30～20:30 ｜市庁舎3階会議室, 4. <広報物配布・交流>第３回全体会議：10月15日（木）18:30～20:30｜市庁舎3階会議室, 5. <市庁舎出店団体必須参加>第４回全体会議：11月19日（木）18:30～20:30 ｜市庁舎3階会議室"
町田市Ｄ51型蒸気機関車保存会,まちだしでごいちがたじょうききかんしゃほぞんかい,,,,,,,,町田市で1972年から保存されている蒸気機関車D51 862の清掃と見学者の案内と修復を行い、5月と10月に鉄道に親しむイベントを催しています。,子ども発達支援センター(旧すみれ会館)隣、D51展示場,毎週日曜日10時～12時,鉄道用品や鉄道模型展示の出張イベントが出来ます。蒸気機関車の保存に関心のある会員を募集しています。,2回以上参加している,1．期間中にイベント等を開催（詳しい企画の内容は後日イベント企画書をご提出いただきます。市役所会場以外で開催する方もこちらをご選択ください。）,,,,"会員やメンバーなどが増える, 団体の活動や取り組む社会課題についての周知ができる, 行政や他団体・個人などと新しいつながりができる",,"2. <必須>第１回全体会議：6月18日（木）18:30～20:30 ｜市庁舎3階会議室, 5. <市庁舎出店団体必須参加>第４回全体会議：11月19日（木）18:30～20:30 ｜市庁舎3階会議室"
町田市印刷工業組合,まちだしいんさつこうぎょうくみあい,,,,,,,https://www.machida-pia.net/,町田市で印刷会社を営む仲間たちの団体です。情報共有をしながら、大好きな町田のために日々仕事をしています。毎年まちカフェ！では、印刷工程で出る端紙をメモ帳にして販売しています。,協英印刷工業株式会社　事務所内,不定期,,2回以上参加している,1．期間中にイベント等を開催（詳しい企画の内容は後日イベント企画書をご提出いただきます。市役所会場以外で開催する方もこちらをご選択ください。）,,,,"メンバー同士のコミュケーションが深まる, 行政や他団体・個人などと新しいつながりができる, 団体の活動資金を得る（物販の売り上げやイベントの参加費など）",,"2. <必須>第１回全体会議：6月18日（木）18:30～20:30 ｜市庁舎3階会議室, 4. <広報物配布・交流>第３回全体会議：10月15日（木）18:30～20:30｜市庁舎3階会議室, 5. <市庁舎出店団体必須参加>第４回全体会議：11月19日（木）18:30～20:30 ｜市庁舎3階会議室"
まちだポールウォーキングクラブ,まちだぽーるうぉーきんぐくらぶ,,,,,,,https://machidapolewelk.com,運動不足の方、足腰に不安を感じる方、もっと体力をつけたい方、ポールを持って青空の下を一緒に歩きましょう。健康寿命を延ばすクラブです。,市内の公園や近隣の名所旧跡などを歩きます。,毎週土曜日午前中,ポールの持ち方、歩き方の体験を行います。,2回以上参加している,1．期間中にイベント等を開催（詳しい企画の内容は後日イベント企画書をご提出いただきます。市役所会場以外で開催する方もこちらをご選択ください。）,,,,"会員やメンバーなどが増える, 団体の活動や取り組む社会課題についての周知ができる, 行政や他団体・個人などと新しいつながりができる",,"4. <広報物配布・交流>第３回全体会議：10月15日（木）18:30～20:30｜市庁舎3階会議室, 5. <市庁舎出店団体必須参加>第４回全体会議：11月19日（木）18:30～20:30 ｜市庁舎3階会議室"
町田子どもクラフトまつり,まちだこどもくらふとまつり,,,,,,,https://www.instagram.com/machinowacb?igsh=ZmRjdzB6b2Y2NHJ0,2021年のコロナ禍で、町田の子ども達にたくさん手を動かして貰おうとスタートした、ワンコインで参加出来る子ども向けワークショップの主宰団体です。町田シバヒロや中町のCOMMUNE BASE マチノワを会場に年に一回ペースで開催しています。,町田シバヒロ、COMMUNE BASE マチノワ,年に一回開催,子どもクラフトまつりをそのまま、まちカフェで開催します。,初参加（参加に際し、事務局と30分程度の簡単な顔合わせをお願いしています。オンライン・対面どちらでも大丈夫です。お申込み後、詳細を事務局よりご連絡させていただきます）,1．期間中にイベント等を開催（詳しい企画の内容は後日イベント企画書をご提出いただきます。市役所会場以外で開催する方もこちらをご選択ください。）,,,,"団体の活動や取り組む社会課題についての周知ができる, 行政や他団体・個人などと新しいつながりができる",,"2. <必須>第１回全体会議：6月18日（木）18:30～20:30 ｜市庁舎3階会議室, 3. <交流>第２回全体会議：9月18日（金）18:30～20:30 ｜市庁舎3階会議室, 4. <広報物配布・交流>第３回全体会議：10月15日（木）18:30～20:30｜市庁舎3階会議室, 5. <市庁舎出店団体必須参加>第４回全体会議：11月19日（木）18:30～20:30 ｜市庁舎3階会議室, 6.<交流> アワード表彰式＆交流会：2027年1月15日（金）18:30～20:00｜市庁舎2階市民協働おうえんルーム"
like minds,ライクマインズ,,,,,,,https://www.facebook.com/share/18zC1m3m1A/,オープンダイアローグや当事者研究など、対話を通して人と環境に変化をもたらします。,特にありません。,不定期,,2回以上参加している,1．期間中にイベント等を開催（詳しい企画の内容は後日イベント企画書をご提出いただきます。市役所会場以外で開催する方もこちらをご選択ください。）,,,,"会員やメンバーなどが増える, 学生と活動する, 団体の活動や取り組む社会課題についての周知ができる, 広報、企画立案、SNS・ITツールのスキルアップ, 新しい取り組みに挑戦する, 行政や他団体・個人などと新しいつながりができる",,"2. <必須>第１回全体会議：6月18日（木）18:30～20:30 ｜市庁舎3階会議室, 3. <交流>第２回全体会議：9月18日（金）18:30～20:30 ｜市庁舎3階会議室, 4. <広報物配布・交流>第３回全体会議：10月15日（木）18:30～20:30｜市庁舎3階会議室, 5. <市庁舎出店団体必須参加>第４回全体会議：11月19日（木）18:30～20:30 ｜市庁舎3階会議室, 6.<交流> アワード表彰式＆交流会：2027年1月15日（金）18:30～20:00｜市庁舎2階市民協働おうえんルーム"
草木染めを楽しむ会,くさきぞめをたのしむかい,,,,,,,,四季折々の草、木、花を煮出して、絹、麻、木綿、化繊等の布地に染め上げます。藍（インディゴ）を育てたり、紅花を育てたり、桜の枝、金木犀の枝葉、山茶花の花、天然の恵みの美しさにうっとり見せ合っています。,会員の自宅の庭や台所など持ち回り,不定期,自然の色の優しさを見ていただき、色彩からの癒しや、ご自身の身体や心を引き立てる効果を体験できます。,2回以上参加している,1．期間中にイベント等を開催（詳しい企画の内容は後日イベント企画書をご提出いただきます。市役所会場以外で開催する方もこちらをご選択ください。）,,,未定ですが、景品になりそうなものができたら持参します。,"会員やメンバーなどが増える, 学生と活動する, 団体の活動や取り組む社会課題についての周知ができる, 団体の活動資金を得る（物販の売り上げやイベントの参加費など）",第20回なので、「20は二重丸」ということで、来てくださった人を「◎」ポーズでお出迎えします。,"2. <必須>第１回全体会議：6月18日（木）18:30～20:30 ｜市庁舎3階会議室, 3. <交流>第２回全体会議：9月18日（金）18:30～20:30 ｜市庁舎3階会議室, 4. <広報物配布・交流>第３回全体会議：10月15日（木）18:30～20:30｜市庁舎3階会議室, 5. <市庁舎出店団体必須参加>第４回全体会議：11月19日（木）18:30～20:30 ｜市庁舎3階会議室, 6.<交流> アワード表彰式＆交流会：2027年1月15日（金）18:30～20:00｜市庁舎2階市民協働おうえんルーム"
ECOまちダッシュ,えこまちだっしゅ,,,,,,,https://blueshipjapan.com/crew/ecomachidash/,「ECOまちダッシュ！」は、東京都町田市を中心に活動している学生環境ボランティア団体です。町田駅周辺での定期的なゴミ拾いや、環境保全・循環型社会をテーマにしたワークショップ（子供向け工作など）を企画・実施し、地域の美化と環境意識の向上を目指しています。,町田駅周辺,毎週土曜日朝７−9時,メンバー集め、他団体との交流,2回以上参加している,1．期間中にイベント等を開催（詳しい企画の内容は後日イベント企画書をご提出いただきます。市役所会場以外で開催する方もこちらをご選択ください。）,,,,"会員やメンバーなどが増える, 学生と活動する, 団体の活動や取り組む社会課題についての周知ができる, 広報、企画立案、SNS・ITツールのスキルアップ, メンバー同士のコミュケーションが深まる, 新しい取り組みに挑戦する, 行政や他団体・個人などと新しいつながりができる, 団体の活動資金を得る（物販の売り上げやイベントの参加費など）",,"3. <交流>第２回全体会議：9月18日（金）18:30～20:30 ｜市庁舎3階会議室, 4. <広報物配布・交流>第３回全体会議：10月15日（木）18:30～20:30｜市庁舎3階会議室, 5. <市庁舎出店団体必須参加>第４回全体会議：11月19日（木）18:30～20:30 ｜市庁舎3階会議室, 6.<交流> アワード表彰式＆交流会：2027年1月15日（金）18:30～20:00｜市庁舎2階市民協働おうえんルーム"
NPO法人　クローバーの会,くろーばーのかい,,,,,,,https://npo-clover-club.jimdofree.com/,"ハンディのある方の社会的自立と就労継続支援を目的に活動しています。
（１）リサイクル品の販売（福祉バザー）（２）自主製品の製作と販売（３）ポスティング",町田市本町田２５０７－４町田木曽住宅ハー１６ー１０３　クローバーの会事業所,月曜日～金曜日8:30～17:30　月に数回土・日曜日8:30～17:30（HPを確認してください）,リサイクル着物で作った、布草履・エコバッグやクリスマスグッズなどの季節物の手作り品を販売予定です。,2回以上参加している,1．期間中にイベント等を開催（詳しい企画の内容は後日イベント企画書をご提出いただきます。市役所会場以外で開催する方もこちらをご選択ください。）,,,,"会員やメンバーなどが増える, 新しい取り組みに挑戦する, 行政や他団体・個人などと新しいつながりができる, 団体の活動資金を得る（物販の売り上げやイベントの参加費など）",,"2. <必須>第１回全体会議：6月18日（木）18:30～20:30 ｜市庁舎3階会議室, 4. <広報物配布・交流>第３回全体会議：10月15日（木）18:30～20:30｜市庁舎3階会議室, 5. <市庁舎出店団体必須参加>第４回全体会議：11月19日（木）18:30～20:30 ｜市庁舎3階会議室"
手話べり場S,しゅわべりばえす,,,,,,,公開していません,手話は覚えても使わないと忘れます。手話が公用語になることを目標に「手話を練習する場所」を定期的にスタバなどで開催しています。サークルではないので自由です。,スターバックス（町田パリオ店、東急west店）、わくわくプラザ,第1.2.3.5土曜日、第4木曜日,楽しい手話ゲーム、簡単な日常で使える手話のご紹介などを企画中です。みんなが手話で話せたら最高！,2回以上参加している,1．期間中にイベント等を開催（詳しい企画の内容は後日イベント企画書をご提出いただきます。市役所会場以外で開催する方もこちらをご選択ください。）,,,探してみます,"会員やメンバーなどが増える, 学生と活動する, 団体の活動や取り組む社会課題についての周知ができる, 広報、企画立案、SNS・ITツールのスキルアップ, メンバー同士のコミュケーションが深まる, 行政や他団体・個人などと新しいつながりができる, 団体の活動資金を得る（物販の売り上げやイベントの参加費など）",すぐ忘れる高齢者です。初参加のようにお願いしますｗ,"1. 準備会：5月28日（木）18:30～20:30｜市庁舎3階会議室, 2. <必須>第１回全体会議：6月18日（木）18:30～20:30 ｜市庁舎3階会議室, 3. <交流>第２回全体会議：9月18日（金）18:30～20:30 ｜市庁舎3階会議室, 4. <広報物配布・交流>第３回全体会議：10月15日（木）18:30～20:30｜市庁舎3階会議室, 5. <市庁舎出店団体必須参加>第４回全体会議：11月19日（木）18:30～20:30 ｜市庁舎3階会議室, 6.<交流> アワード表彰式＆交流会：2027年1月15日（金）18:30～20:00｜市庁舎2階市民協働おうえんルーム"
『くじら山』の緑を考える会,くじらやまのみどりをかんがえるかい,,,,,,,https://kujirayama.web.fc2.com/,「本町田くじら山湧き水公園」における清掃や湧水施設の維持管理、自然環境の普及啓発を継続実施。また、身近に湧水がある自然豊かな“ふるさと町田”を認識してもらえるように「町田市湧水マップ」を作成。,本町田くじら山湧き水公園,原則、毎月第3土曜の午前中 10時～11時頃（夏季6～9月は9時～10時頃）,湧水など身近な自然を再発見！　　ぜひ本町田くじら山湧き水公園に来てください。,2回以上参加している,1．期間中にイベント等を開催（詳しい企画の内容は後日イベント企画書をご提出いただきます。市役所会場以外で開催する方もこちらをご選択ください。）,,,まちカフェ！チラシの当会HP掲載、掲示板への掲出,"会員やメンバーなどが増える, 学生と活動する, 団体の活動や取り組む社会課題についての周知ができる, メンバー同士のコミュケーションが深まる, 行政や他団体・個人などと新しいつながりができる",,"2. <必須>第１回全体会議：6月18日（木）18:30～20:30 ｜市庁舎3階会議室, 5. <市庁舎出店団体必須参加>第４回全体会議：11月19日（木）18:30～20:30 ｜市庁舎3階会議室"
町田で部活,まちだでぶかつ,,,,,,,https://machida-bu.com/public/,地域活動がまとまったサイトになっています。サイトから地域活動が探せたり、お知らせやイベント情報を閲覧することができます。地域活動を行なっている人も自分たちの活動を紹介できますので、掲載のご相談ください。,オンライン,不定期,掲載団体募集中！あなたの活動を載せさせてください！,2回以上参加している,1．期間中にイベント等を開催（詳しい企画の内容は後日イベント企画書をご提出いただきます。市役所会場以外で開催する方もこちらをご選択ください。）,個人1口,【4-1】連絡先メールアドレス宛てにメールに添付,町田で部活のサイトで、まちカフェ！の特設ページにて宣伝します。,"広報、企画立案、SNS・ITツールのスキルアップ, 行政や他団体・個人などと新しいつながりができる",,2. <必須>第１回全体会議：6月18日（木）18:30～20:30 ｜市庁舎3階会議室
町田ボランティア連絡協議会,まちだぼらんてぃあれんらくきょうぎかい,,,,,,,,町田市内のボランティア活動団体および個人会員が月1回会合をもち、お互いの活動をシェアしたり、協力要請をし合ったりしています。,月1回の会合は町田市民フォーラム4階講習室、加盟団体はそれぞれの場所で活動,"月1回の会合は、毎月第２月曜日14:30〜
16:00",当団体の略称「町田ボラ連協」をみなさんに知っていただき、ご一緒しませんか、とPRしたいので、今回もオカリナ演奏をします。,2回以上参加している,1．期間中にイベント等を開催（詳しい企画の内容は後日イベント企画書をご提出いただきます。市役所会場以外で開催する方もこちらをご選択ください。）,,,まちカフェちらしの配布。,"会員やメンバーなどが増える, 団体の活動や取り組む社会課題についての周知ができる, メンバー同士のコミュケーションが深まる",,"2. <必須>第１回全体会議：6月18日（木）18:30～20:30 ｜市庁舎3階会議室, 3. <交流>第２回全体会議：9月18日（金）18:30～20:30 ｜市庁舎3階会議室, 4. <広報物配布・交流>第３回全体会議：10月15日（木）18:30～20:30｜市庁舎3階会議室, 5. <市庁舎出店団体必須参加>第４回全体会議：11月19日（木）18:30～20:30 ｜市庁舎3階会議室, 6.<交流> アワード表彰式＆交流会：2027年1月15日（金）18:30～20:00｜市庁舎2階市民協働おうえんルーム"
町田市ユニカール協会,マチダシユニカールキョウカイ,,,,,,,,"陸のカーリングユニカールで心、体、脳の健康づくりで元気アップ町田！を目指してます。　障がい児者、お子さん、高齢者にもできるように指導できます。
町田に元気な交流盛んな誰も取り残さない健康と福祉を！",野津田公園GIONスタジアム、小野路公園、薬師台第二清風園,①火曜日14:00〜16:00、②、③土日9:00〜11:00,健康づくり、仲間づくり、やりがいづくりをあきらめないで！,2回以上参加している,1．期間中にイベント等を開催（詳しい企画の内容は後日イベント企画書をご提出いただきます。市役所会場以外で開催する方もこちらをご選択ください。）,,,,"学生と活動する, 団体の活動や取り組む社会課題についての周知ができる, 広報、企画立案、SNS・ITツールのスキルアップ, 行政や他団体・個人などと新しいつながりができる",,"2. <必須>第１回全体会議：6月18日（木）18:30～20:30 ｜市庁舎3階会議室, 3. <交流>第２回全体会議：9月18日（金）18:30～20:30 ｜市庁舎3階会議室, 4. <広報物配布・交流>第３回全体会議：10月15日（木）18:30～20:30｜市庁舎3階会議室, 5. <市庁舎出店団体必須参加>第４回全体会議：11月19日（木）18:30～20:30 ｜市庁舎3階会議室"
株式会社Chill Life,就労移行支援事業所・就労定着支援事業所ハンドシェイク,,,,,,,https://hands-shake.com/,①生産活動、職場体験等の活動の機会を提供、その他の就労に必要な知識及び能力の向上のために必要な訓練。②求職活動支援。③その適正に応じた職場開拓。④職場定着のために必要な相談等の支援。,町田市原町田3-8-12　網倉ビル3F,毎週月曜～金曜 10時～15時30分 土曜不定期開所,ワークショップ,2回以上参加している,5．協賛団体・個人として参加（下記問14・15に回答ください）,企業・団体１口,【6】  配布物・請求書（協賛）等送付先住所宛てに郵送,,"会員やメンバーなどが増える, メンバー同士のコミュケーションが深まる, 団体の活動資金を得る（物販の売り上げやイベントの参加費など）",,"2. <必須>第１回全体会議：6月18日（木）18:30～20:30 ｜市庁舎3階会議室, 3. <交流>第２回全体会議：9月18日（金）18:30～20:30 ｜市庁舎3階会議室, 4. <広報物配布・交流>第３回全体会議：10月15日（木）18:30～20:30｜市庁舎3階会議室, 5. <市庁舎出店団体必須参加>第４回全体会議：11月19日（木）18:30～20:30 ｜市庁舎3階会議室"
子育てひろばぶらんこ町田,こそだてひろばぶらんこまちだ,,,,,,,"https://tokyo.seikatsuclub.coop/activity/care/raise/burankomachida.html
https://www.instagram.com/branco.machida?igsh=MXR1NHI3YTBob2ZnZw==","子育て広場ぶらんこは、地域の子育て仲間と出会える場、さまざまな世代の人たちと支えあって子育てしていける子育て広場をめざしています。
ひとりで悩まずに、子育てで心配なことや困りごとはスタッフに気軽に声をかけてくださいね。",生活クラブ館1階　ぶらんこ町田,"　平日　月～金曜日の10:00～15:00
　月1回　土曜日",私たちの活動の周知と仲間募集。同じ志を持つ仲間との交流。,2回以上参加している,2．協働ガイドブック掲載のみで参加（まちカフェ！期間中のイベント実施なし）,,,,"会員やメンバーなどが増える, 団体の活動や取り組む社会課題についての周知ができる",,"2. <必須>第１回全体会議：6月18日（木）18:30～20:30 ｜市庁舎3階会議室, 3. <交流>第２回全体会議：9月18日（金）18:30～20:30 ｜市庁舎3階会議室, 4. <広報物配布・交流>第３回全体会議：10月15日（木）18:30～20:30｜市庁舎3階会議室, 5. <市庁舎出店団体必須参加>第４回全体会議：11月19日（木）18:30～20:30 ｜市庁舎3階会議室"
ELXS株式会社,えれっくすかぶしきがいしゃ,,,,,,,elxsllc.com,再生可能エネルギー関連・太陽光・蓄電池販売・設置事業,東京都、神奈川県,不定期,,2回以上参加している,1．期間中にイベント等を開催（詳しい企画の内容は後日イベント企画書をご提出いただきます。市役所会場以外で開催する方もこちらをご選択ください。）,"企業・団体3口以上（下記その他に口数をご記入ください）, 去年度と同様",【4-1】連絡先メールアドレス宛てにメールに添付,,広報、企画立案、SNS・ITツールのスキルアップ,,"2. <必須>第１回全体会議：6月18日（木）18:30～20:30 ｜市庁舎3階会議室, 3. <交流>第２回全体会議：9月18日（金）18:30～20:30 ｜市庁舎3階会議室, 4. <広報物配布・交流>第３回全体会議：10月15日（木）18:30～20:30｜市庁舎3階会議室, 5. <市庁舎出店団体必須参加>第４回全体会議：11月19日（木）18:30～20:30 ｜市庁舎3階会議室, 6.<交流> アワード表彰式＆交流会：2027年1月15日（金）18:30～20:00｜市庁舎2階市民協働おうえんルーム"
はたつく研究所,はたつくけんきゅうじょ,,,,,,,https://www.hatatsuku.com/,「ここちよく暮らし、はたらく」をテーマに座談会やワークショップを開催しています。“暮らす”と“はたらく”がつながる自分らしい生き方について、一緒に考えてみませんか？,町田駅周辺,平日昼間／隔月,「ライフキャリアの棚卸し」や「モヤモヤの整理」など。出張講座やコラボ開催も可能です。,2回以上参加している,1．期間中にイベント等を開催（詳しい企画の内容は後日イベント企画書をご提出いただきます。市役所会場以外で開催する方もこちらをご選択ください。）,,,,"団体の活動や取り組む社会課題についての周知ができる, 行政や他団体・個人などと新しいつながりができる",,
みんなの居場所ぬくぬく,みんなのいばしょぬくぬく,,,,,,,https://www.nukunuku-machida.com/,町田市の一軒家の一階スペースでみんなの食堂をフリースペースを運営しています。虐待後遺症や生きづらさを抱える大人・若者・子どもの居場所です。,住み開きしている1階スペース：町田市上小山田町,12時～17時/不定期（平日1日/月）：フリースペース、12時～17時/不定期（土日祝のどれか1日/月）：みんなの食堂,"まちカフェを盛り上げるため来場者に情報を届ける「まちカフェ情報ギルド」をします♪
ぬくぬくのボランティアさん募集しています。他団体と協働、出前講座（子ども虐待防止）出来ます。",2回以上参加している,1．期間中にイベント等を開催（詳しい企画の内容は後日イベント企画書をご提出いただきます。市役所会場以外で開催する方もこちらをご選択ください。）,,,,"会員やメンバーなどが増える, 団体の活動や取り組む社会課題についての周知ができる, 行政や他団体・個人などと新しいつながりができる",,"1. 準備会：5月28日（木）18:30～20:30｜市庁舎3階会議室, 3. <交流>第２回全体会議：9月18日（金）18:30～20:30 ｜市庁舎3階会議室, 4. <広報物配布・交流>第３回全体会議：10月15日（木）18:30～20:30｜市庁舎3階会議室, 5. <市庁舎出店団体必須参加>第４回全体会議：11月19日（木）18:30～20:30 ｜市庁舎3階会議室, 6.<交流> アワード表彰式＆交流会：2027年1月15日（金）18:30～20:00｜市庁舎2階市民協働おうえんルーム"
軒先から、こんにちは in ナルセダイ,のきさきから、こんにちは　いん　なるせだい,,,,,,,https://www.instagram.com/nokisaki_kara_narusedai/,成瀬台を舞台に、年に1回イベントを開催し、住民が得意なことややってみたいことを軒先で出店。普段出会わない人同士が交流し、「こんにちは」と言い合える関係づくりを目指す活動です。,町田市成瀬台,年1回　4月頃,過去に出店いただいた皆さんによる物販・ワークショップを行います。,初参加（参加に際し、事務局と30分程度の簡単な顔合わせをお願いしています。オンライン・対面どちらでも大丈夫です。お申込み後、詳細を事務局よりご連絡させていただきます）,1．期間中にイベント等を開催（詳しい企画の内容は後日イベント企画書をご提出いただきます。市役所会場以外で開催する方もこちらをご選択ください。）,,,,"メンバー同士のコミュケーションが深まる, 新しい取り組みに挑戦する, 団体の活動資金を得る（物販の売り上げやイベントの参加費など）",,"2. <必須>第１回全体会議：6月18日（木）18:30～20:30 ｜市庁舎3階会議室, 3. <交流>第２回全体会議：9月18日（金）18:30～20:30 ｜市庁舎3階会議室, 4. <広報物配布・交流>第３回全体会議：10月15日（木）18:30～20:30｜市庁舎3階会議室, 5. <市庁舎出店団体必須参加>第４回全体会議：11月19日（木）18:30～20:30 ｜市庁舎3階会議室, 6.<交流> アワード表彰式＆交流会：2027年1月15日（金）18:30～20:00｜市庁舎2階市民協働おうえんルーム"
StudioA,すたじおえー,,,,,,,https://www.youtube.com/@StudioA-photomovie,カメラマンとして写真・動画の撮影、コンテンツ制作を行っています。個人で活動しておりますが、地域で様々な活動をされている方々と協力して地域貢献をしたいと考えています。,自宅,不定期,写真や動画の撮影・制作の依頼をお受けします。ボランティアではありませんが、まちカフェ！に関することであれば無償で行わせていただきます。まちカフェ！では、自身の活動の内容紹介の展示、あるいは撮影に関するセミナーを行いたいと思っています。,2回以上参加している,"1．期間中にイベント等を開催（詳しい企画の内容は後日イベント企画書をご提出いただきます。市役所会場以外で開催する方もこちらをご選択ください。）, 4．ワンデイおうえん隊（１日から数日の個人ボランティアとして参加）※登録した方には、実行委員会やボランティア募集のメールをお送りするのでご都合ご関心にあわせてご参加ください）",,,,"団体の活動や取り組む社会課題についての周知ができる, 行政や他団体・個人などと新しいつながりができる, 活動実績を作る",昨年に引き続き、撮影おうえん隊としても参加したいです,"1. 準備会：5月28日（木）18:30～20:30｜市庁舎3階会議室, 2. <必須>第１回全体会議：6月18日（木）18:30～20:30 ｜市庁舎3階会議室, 3. <交流>第２回全体会議：9月18日（金）18:30～20:30 ｜市庁舎3階会議室, 4. <広報物配布・交流>第３回全体会議：10月15日（木）18:30～20:30｜市庁舎3階会議室, 5. <市庁舎出店団体必須参加>第４回全体会議：11月19日（木）18:30～20:30 ｜市庁舎3階会議室"
町田子ども劇場,まちだこどもげきじょう,,,,,,,https://machidakodomogekijyo.org/、その他インスタ、Xあり,"町田子ども劇場は、町田市内で生のお芝居や人形劇・音楽をみんなで鑑賞したり、キャンプやサークル活動をしたりして、子どもも大人も育っていくことを目指しています。年齢や地域を超えてゆるやかに集う場所です。
",町田市民ホール、和光大学ポプリホール鶴川、町田市子ども創造キャンパスひなた村、他町田市内,不定期,保育園・幼稚園などの劇団の選び方のご相談に乗れます。まちカフェでは親子で楽しめるものを企画中。,2回以上参加している,1．期間中にイベント等を開催（詳しい企画の内容は後日イベント企画書をご提出いただきます。市役所会場以外で開催する方もこちらをご選択ください。）,,,,"会員やメンバーなどが増える, 学生と活動する, 団体の活動や取り組む社会課題についての周知ができる, 広報、企画立案、SNS・ITツールのスキルアップ, メンバー同士のコミュケーションが深まる, 新しい取り組みに挑戦する, 行政や他団体・個人などと新しいつながりができる, 団体の活動資金を得る（物販の売り上げやイベントの参加費など）",「★項目にご記入いただいた内容がそのまま「 まちカフェ！協働ガイドブック （仮称）」  に反映されます」とありますが、ガイドブックには団体のアドレス（連絡先２）、まちカフェの連絡先は瀬崎のアドレス（連絡先1）までお願いします。,"2. <必須>第１回全体会議：6月18日（木）18:30～20:30 ｜市庁舎3階会議室, 3. <交流>第２回全体会議：9月18日（金）18:30～20:30 ｜市庁舎3階会議室, 4. <広報物配布・交流>第３回全体会議：10月15日（木）18:30～20:30｜市庁舎3階会議室, 5. <市庁舎出店団体必須参加>第４回全体会議：11月19日（木）18:30～20:30 ｜市庁舎3階会議室"
特定非営利活動法人　町田ヒューマンネットワーク,とくていひえいりかつどうほうじん　まちだひゅーまんねっとわーく,,,,,,,"【HP】https://www.cil-mhn-enjoy.com/　
【インスタ】https://www.instagram.com/mhn_mylife/?hl=ja",エンジョイ自立生活を合言葉に地域で自立生活をしている障害者のサポートを行っています。主に介助派遣と自立生活プログラム等を行っています。,町田ヒューマンネットワーク事務所及び利用者さん宅,"【事務所】月曜日～土曜日9時30分～17時30分
【介助派遣】24時間365日","障害者との交流、福祉に触れてみる、自立生活への理解
まちカフェでは福祉クイズや車イス体験等",2回以上参加している,1．期間中にイベント等を開催（詳しい企画の内容は後日イベント企画書をご提出いただきます。市役所会場以外で開催する方もこちらをご選択ください。）,,,,"会員やメンバーなどが増える, 団体の活動や取り組む社会課題についての周知ができる, 広報、企画立案、SNS・ITツールのスキルアップ, メンバー同士のコミュケーションが深まる, 新しい取り組みに挑戦する, 行政や他団体・個人などと新しいつながりができる",自分たちのブースだけではなく、まちカフェ全体の運営に関してお手伝いできることがあれば関わりたいと思います。,"1. 準備会：5月28日（木）18:30～20:30｜市庁舎3階会議室, 2. <必須>第１回全体会議：6月18日（木）18:30～20:30 ｜市庁舎3階会議室, 3. <交流>第２回全体会議：9月18日（金）18:30～20:30 ｜市庁舎3階会議室, 4. <広報物配布・交流>第３回全体会議：10月15日（木）18:30～20:30｜市庁舎3階会議室, 5. <市庁舎出店団体必須参加>第４回全体会議：11月19日（木）18:30～20:30 ｜市庁舎3階会議室"
手話サークルまちだ,しゅわさーくるまちだ,,,,,,,http:// syuwa-circle-machida.amebaownd.com,聴覚障がいの方々と交流を深め、教育•防災•福祉の面で、より良い環境作りを目指し、誰もが暮らしやすい共生社会の実現に取り組んでいます。,町田市民フォーラム,昼の部:毎週水曜日10時～12時/夜の部:毎週金曜日19時～21時,聞こえないってどんな世界？音のないコミュニケーションで聞こえない人と話してみよう！,2回以上参加している,1．期間中にイベント等を開催（詳しい企画の内容は後日イベント企画書をご提出いただきます。市役所会場以外で開催する方もこちらをご選択ください。）,,,,"会員やメンバーなどが増える, 団体の活動や取り組む社会課題についての周知ができる, メンバー同士のコミュケーションが深まる",,"2. <必須>第１回全体会議：6月18日（木）18:30～20:30 ｜市庁舎3階会議室, 3. <交流>第２回全体会議：9月18日（金）18:30～20:30 ｜市庁舎3階会議室, 4. <広報物配布・交流>第３回全体会議：10月15日（木）18:30～20:30｜市庁舎3階会議室, 5. <市庁舎出店団体必須参加>第４回全体会議：11月19日（木）18:30～20:30 ｜市庁舎3階会議室"
社会福祉法人町田市社会福祉協議会,まちだししゃかいふくしきょうぎかい,,,,,,,https://machida-shakyo.or.jp/,町田市社会福祉協議会は「誰もが安心してしあわせに暮らせるまちづくり」を目指し、地域のボランティアや町内会、民生委員、福祉事業者、企業等と連携し、福祉のまちづくりに取り組んでいます。,町田市民フォーラム、せりがや会館、各地区のまるごとサポートセンター,"祝日・休日・年末年始を除く月～金曜日
午前8時30分～午後5時",町田市社会福祉協議会にどういう相談ができるのか、どういう事例があるのか分かりやすくご紹介します。,2回以上参加している,1．期間中にイベント等を開催（詳しい企画の内容は後日イベント企画書をご提出いただきます。市役所会場以外で開催する方もこちらをご選択ください。）,,,,団体の活動や取り組む社会課題についての周知ができる,,"2. <必須>第１回全体会議：6月18日（木）18:30～20:30 ｜市庁舎3階会議室, 3. <交流>第２回全体会議：9月18日（金）18:30～20:30 ｜市庁舎3階会議室, 5. <市庁舎出店団体必須参加>第４回全体会議：11月19日（木）18:30～20:30 ｜市庁舎3階会議室"
NPO ACT町田たすけあいワーカーズ,アクトマチダタスケアイワーカーズ,,,,,,,https://actmachi.sakura.ne.jp/,訪問介護・小規模多機能型居宅介護・サービス付き高齢者向け住宅（受託）の3事業を行っている事業所です。在宅の高齢者を支えるため30年活動しています。,生活クラブ館まちだ1階および2階・小規模多機能型居宅介護「たすけあい小川」,365日,上記3事業をやっていますが、もっともっとケア者が必要です。これから増えていく高齢者を支えていくのを、会社や施設まかせにしてはいけないと思っています。尊厳を大事に、自分で決めできることは自分でする、見守りや手伝いはたすけあいの精神でおこなう。優しい地域、支えあう地域を一緒につくっていきませんか？,2回以上参加している,2．協働ガイドブック掲載のみで参加（まちカフェ！期間中のイベント実施なし）,,,場所提供できます。調理台３つ、オーブン３つあります。食器・鍋等あります。会員への封書にちらし入れできます。500枚くらいです。,"会員やメンバーなどが増える, 団体の活動や取り組む社会課題についての周知ができる, 行政や他団体・個人などと新しいつながりができる",,"2. <必須>第１回全体会議：6月18日（木）18:30～20:30 ｜市庁舎3階会議室, 3. <交流>第２回全体会議：9月18日（金）18:30～20:30 ｜市庁舎3階会議室, 4. <広報物配布・交流>第３回全体会議：10月15日（木）18:30～20:30｜市庁舎3階会議室, 5. <市庁舎出店団体必須参加>第４回全体会議：11月19日（木）18:30～20:30 ｜市庁舎3階会議室"
東京都助産師会　町田分会,とうきょうとじょさんしかい　まちだぶんかい,,,,,,,"インスタ
https://www.instagram.com/machida.mw?igsh=MTZobTc3Y3VpcjFvMQ==

ホームページ
https://toshinojyosanin.wixsite.com/machida-josanshikai","
病院勤務の他、開業、訪問など、地域で活動する助産師の職能団体です。",各地域,随時,出前講座、ワークショップ、専門相談,2回以上参加している,1．期間中にイベント等を開催（詳しい企画の内容は後日イベント企画書をご提出いただきます。市役所会場以外で開催する方もこちらをご選択ください。）,,,,"会員やメンバーなどが増える, 団体の活動や取り組む社会課題についての周知ができる, 行政や他団体・個人などと新しいつながりができる",,"2. <必須>第１回全体会議：6月18日（木）18:30～20:30 ｜市庁舎3階会議室, 5. <市庁舎出店団体必須参加>第４回全体会議：11月19日（木）18:30～20:30 ｜市庁舎3階会議室"
あとりえ紅心,あとりえこうしん,,,,,,,https://www.instagram.com/koushin_moji?igsh=MWR0bWg5MjczcnQ2MQ%3D%3D&utm_source=qr,彩り文字®︎は「顔彩」で「文字」をカラフルに描く全く新しいお稽古です！カラーセラピー効果もあるのでご高齢の方やお子様にもピッタリ！！一緒に楽しみましょう！！,"まちだハッピーマルシェ（第2、第4金曜日　ウェルシア薬局本町田店）へ出店
山崎団地プラスハートカルチャースクール","稽古日　第2、第4木曜日　13:00〜14:30
他応相談",家族の介護や育児で疲れた貴女へ　心を癒す彩り文字の世界をご自身で体験してください,2回以上参加している,1．期間中にイベント等を開催（詳しい企画の内容は後日イベント企画書をご提出いただきます。市役所会場以外で開催する方もこちらをご選択ください。）,,,,"新しい取り組みに挑戦する, 行政や他団体・個人などと新しいつながりができる, 団体の活動資金を得る（物販の売り上げやイベントの参加費など）",,"2. <必須>第１回全体会議：6月18日（木）18:30～20:30 ｜市庁舎3階会議室, 3. <交流>第２回全体会議：9月18日（金）18:30～20:30 ｜市庁舎3階会議室, 4. <広報物配布・交流>第３回全体会議：10月15日（木）18:30～20:30｜市庁舎3階会議室, 5. <市庁舎出店団体必須参加>第４回全体会議：11月19日（木）18:30～20:30 ｜市庁舎3階会議室"
ぴえん🥺町田,ぴえんまちだ,,,,,,,https://x.com/pien_machida,町田市を走る公共交通機関のリアルタイムの運行状況をお知らせしています。マスコットキャラのぴえん太くんグッズのデザイン・販売もしています。,町田市の自宅・オンライン,不定期,町田周辺の電車の動きがわかるITシステムの展示や、その場で遊べるカードゲームを用意してお待ちしています！,初参加（参加に際し、事務局と30分程度の簡単な顔合わせをお願いしています。オンライン・対面どちらでも大丈夫です。お申込み後、詳細を事務局よりご連絡させていただきます）,1．期間中にイベント等を開催（詳しい企画の内容は後日イベント企画書をご提出いただきます。市役所会場以外で開催する方もこちらをご選択ください。）,,,,"会員やメンバーなどが増える, 団体の活動や取り組む社会課題についての周知ができる, 広報、企画立案、SNS・ITツールのスキルアップ, 新しい取り組みに挑戦する, 団体の活動資金を得る（物販の売り上げやイベントの参加費など）",「町田で下敷きさんをひろめ隊」との間で、市庁舎イベントでのスタッフの相互の融通で協業したいと思います。,"2. <必須>第１回全体会議：6月18日（木）18:30～20:30 ｜市庁舎3階会議室, 3. <交流>第２回全体会議：9月18日（金）18:30～20:30 ｜市庁舎3階会議室, 4. <広報物配布・交流>第３回全体会議：10月15日（木）18:30～20:30｜市庁舎3階会議室, 5. <市庁舎出店団体必須参加>第４回全体会議：11月19日（木）18:30～20:30 ｜市庁舎3階会議室"
NPO法人子ども広場あそべこどもたち,こどもひろばあそべこどもたち,,,,,,,https://seribou.jimdofree.com/,子どもたちの自由な遊びの場、安心できる居場所、様々な世代が交流できる場を目指して、できる限り規制を無くし、自然の中で「せりがや冒険遊び場」を運営しています。乳幼児親子の子育て支援の活動も行っています。,せりがや冒険遊び場（芹ヶ谷公園内　多目的広場横の林）,毎週水曜～日曜　10時～17時半(3月～9月）　10時～16時半（10月～2月）,様々な体験活動（工作、手芸、表現、調理、自然体験等）、啓発活動（遊び場の趣旨、具体的な活動の掲示）,2回以上参加している,1．期間中にイベント等を開催（詳しい企画の内容は後日イベント企画書をご提出いただきます。市役所会場以外で開催する方もこちらをご選択ください。）,,,チラシの配架やポスターの掲示、イベント会場の提供,"団体の活動や取り組む社会課題についての周知ができる, 広報、企画立案、SNS・ITツールのスキルアップ, メンバー同士のコミュケーションが深まる, 新しい取り組みに挑戦する, 行政や他団体・個人などと新しいつながりができる, 団体の活動資金を得る（物販の売り上げやイベントの参加費など）",,"1. 準備会：5月28日（木）18:30～20:30｜市庁舎3階会議室, 2. <必須>第１回全体会議：6月18日（木）18:30～20:30 ｜市庁舎3階会議室, 4. <広報物配布・交流>第３回全体会議：10月15日（木）18:30～20:30｜市庁舎3階会議室, 5. <市庁舎出店団体必須参加>第４回全体会議：11月19日（木）18:30～20:30 ｜市庁舎3階会議室"
個人H,おうえんたい,,,,,,,,映画を題材に家族について話したり、異文化を参考に「開かれた」社会のしかけを考えるイベントやワークショップを行っています。学校・職場・家庭で閉じずに、個人がフラットにつなるアイデアを共有します。,"みなさんの居場所ぼくはぼく、山崎団地商店街
",1-2ヶ月に1、2回（不定期）,食や居住空間の使い方を通じてつながるアイデア（インドネシアとマレーシアの事例）の紹介コーナー,初参加（参加に際し、事務局と30分程度の簡単な顔合わせをお願いしています。オンライン・対面どちらでも大丈夫です。お申込み後、詳細を事務局よりご連絡させていただきます）,1．期間中にイベント等を開催（詳しい企画の内容は後日イベント企画書をご提出いただきます。市役所会場以外で開催する方もこちらをご選択ください。）,,,,"会員やメンバーなどが増える, 団体の活動や取り組む社会課題についての周知ができる, 行政や他団体・個人などと新しいつながりができる, 団体の活動資金を得る（物販の売り上げやイベントの参加費など）",地域活動サポートオフィスまちだづくり応援基金に応募中,"2. <必須>第１回全体会議：6月18日（木）18:30～20:30 ｜市庁舎3階会議室, 4. <広報物配布・交流>第３回全体会議：10月15日（木）18:30～20:30｜市庁舎3階会議室, 5. <市庁舎出店団体必須参加>第４回全体会議：11月19日（木）18:30～20:30 ｜市庁舎3階会議室, 6.<交流> アワード表彰式＆交流会：2027年1月15日（金）18:30～20:00｜市庁舎2階市民協働おうえんルーム"
一般社団法人　町田ねこの会,まちだねこのかい,,,,,,,"https://machidanekonokai.amebaownd.com/              https://www.instagram.com/machida.nekonokai
https://ameblo.jp/machidanekonokai/",『飼い主のいない猫』を増やさないために、不妊・去勢手術を施し、一代限りの猫たちの命を地域でケアしていく方法を推進・サポートし、人と猫が安心して暮らせる町を目指して日々活動しています,町田市内ほぼ全域,毎日,飼い主のいない猫に不妊去勢手術を施すための手伝い、地域猫活動を始める際のサポート、それらの普及啓発など,2回以上参加している,1．期間中にイベント等を開催（詳しい企画の内容は後日イベント企画書をご提出いただきます。市役所会場以外で開催する方もこちらをご選択ください。）,,,,"団体の活動や取り組む社会課題についての周知ができる, 行政や他団体・個人などと新しいつながりができる, 飼い主にいない猫（ノラ猫）に不妊手術が必要なことを知っていただきたいです",,"1. 準備会：5月28日（木）18:30～20:30｜市庁舎3階会議室, 2. <必須>第１回全体会議：6月18日（木）18:30～20:30 ｜市庁舎3階会議室, 3. <交流>第２回全体会議：9月18日（金）18:30～20:30 ｜市庁舎3階会議室, 4. <広報物配布・交流>第３回全体会議：10月15日（木）18:30～20:30｜市庁舎3階会議室, 5. <市庁舎出店団体必須参加>第４回全体会議：11月19日（木）18:30～20:30 ｜市庁舎3階会議室"
玉川大学リベラルアーツ学部太田ゼミ,たまがわだいがくりべらるあーつがくぶおおたぜみ,,,,,,,https://www.instagram.com/ota_tamagawa?igsh=MW13dnZ3NDVnMTdkeQ==,グローバル化が進む国際社会と私たちの身近な日常生活とのつながりを岩手県陸前高田市でのゼミ合宿や学生授業を通して分析し課題解決のために行動することを目指して日々学習しています!,玉川大学,毎週水曜日13:00~16:40,陸前高田の魅力をお届けします!,2回以上参加している,1．期間中にイベント等を開催（詳しい企画の内容は後日イベント企画書をご提出いただきます。市役所会場以外で開催する方もこちらをご選択ください。）,,,,"団体の活動や取り組む社会課題についての周知ができる, メンバー同士のコミュケーションが深まる, 行政や他団体・個人などと新しいつながりができる",,"2. <必須>第１回全体会議：6月18日（木）18:30～20:30 ｜市庁舎3階会議室, 5. <市庁舎出店団体必須参加>第４回全体会議：11月19日（木）18:30～20:30 ｜市庁舎3階会議室"
東京都行政書士会町田支部,とうきょうとぎょうせいしょしかいまちだしぶ,,,,,,,https://gyosei-machida.jp/,無料相談会や法教育活動、地域イベントへの協力などを通じて、市民の皆さまの暮らしを支えています。相続・遺言、各種許認可申請などの専門知識を活かし、地域に寄り添う身近な法律家としてまちづくりに貢献しています。,町田市内各所で街頭無料相談会を実施　,"不定期
市役所行政手続相談は、毎週水曜日9:00～11：30",東京都行政書士会町田支部の無料相談会は、暮らしに身近な相談に対応しています。専門家へ気軽に相談できることが大きな強みです。,初参加（参加に際し、事務局と30分程度の簡単な顔合わせをお願いしています。オンライン・対面どちらでも大丈夫です。お申込み後、詳細を事務局よりご連絡させていただきます）,1．期間中にイベント等を開催（詳しい企画の内容は後日イベント企画書をご提出いただきます。市役所会場以外で開催する方もこちらをご選択ください。）,,,,"団体の活動や取り組む社会課題についての周知ができる, 広報、企画立案、SNS・ITツールのスキルアップ, 新しい取り組みに挑戦する, 行政や他団体・個人などと新しいつながりができる",,"2. <必須>第１回全体会議：6月18日（木）18:30～20:30 ｜市庁舎3階会議室, 5. <市庁舎出店団体必須参加>第４回全体会議：11月19日（木）18:30～20:30 ｜市庁舎3階会議室"
NPO法人　みどりのゆび,えぬぴおほうじん　みどりのゆび,,,,,,,https://www.midorinoyubi-footpath.jp/,自然・歴史のウォーキング（フットパス）開催、マップや環境教材の制作、町田市から委託を受けた緑地の管理、農業の支援、安全な食物の確保と流通、緑地保全基金活動です。町田市などの自治体とも協働して活動を行っております。,町田市小野路宿周辺と町田近郊各地でのフットパス,不定期　半年ごとに活動予定日を決定,みどりのゆびが発行している「まちだ・多摩丘陵フットパス」ガイドブックをもって一緒に歩きましょう,初参加（参加に際し、事務局と30分程度の簡単な顔合わせをお願いしています。オンライン・対面どちらでも大丈夫です。お申込み後、詳細を事務局よりご連絡させていただきます）,1．期間中にイベント等を開催（詳しい企画の内容は後日イベント企画書をご提出いただきます。市役所会場以外で開催する方もこちらをご選択ください。）,,,,"会員やメンバーなどが増える, 学生と活動する, 団体の活動や取り組む社会課題についての周知ができる, 広報、企画立案、SNS・ITツールのスキルアップ, メンバー同士のコミュケーションが深まる, 新しい取り組みに挑戦する, 行政や他団体・個人などと新しいつながりができる, 団体の活動資金を得る（物販の売り上げやイベントの参加費など）",,"2. <必須>第１回全体会議：6月18日（木）18:30～20:30 ｜市庁舎3階会議室, 5. <市庁舎出店団体必須参加>第４回全体会議：11月19日（木）18:30～20:30 ｜市庁舎3階会議室"
脳疲労ケア専門サロン〜KUKUNA〜,のうひろうけあせんもんさろん〜くくな〜,,,,,,,https://www.instagram.com/yui.parafuse_tokyo?igsh=dnJoMTVpNWI4dGVh&utm_source=qr,"｢脳洗浄®｣というオールハンドの手技で《脳疲労》にアプローチをし、自律神経を整える施術を提供しています。寝付きや寝起きが悪い・寝ても疲れが取れない・眼精疲労・首肩凝りなどの身体の不調を抱える方には、是非一度｢脳洗浄®｣を受けてみてほしいです！
お子様からご高齢、妊婦の方まで安心して受けることができます。",町田市旭町2丁目 自宅サロン(完全予約制),土日祝：10:00～16:00／平日：火水 19:00～21:00,15分だけ休みにきてください♫視界も気持ちも明るくすっきりになりますよ☆,2回以上参加している,1．期間中にイベント等を開催（詳しい企画の内容は後日イベント企画書をご提出いただきます。市役所会場以外で開催する方もこちらをご選択ください。）,,,,"会員やメンバーなどが増える, 新しい取り組みに挑戦する, 行政や他団体・個人などと新しいつながりができる, 団体の活動資金を得る（物販の売り上げやイベントの参加費など）",,"3. <交流>第２回全体会議：9月18日（金）18:30～20:30 ｜市庁舎3階会議室, 4. <広報物配布・交流>第３回全体会議：10月15日（木）18:30～20:30｜市庁舎3階会議室, 5. <市庁舎出店団体必須参加>第４回全体会議：11月19日（木）18:30～20:30 ｜市庁舎3階会議室"
町田ゆるぼん部,まちだ　ゆるぼんぶ,,,,,,,,町田在住の5人で始めた盆踊りチームです。「楽しくゆるく」を合言葉に、「町田音頭」などのご当地音頭を中心に月2回練習しています。1回300円。盆踊りの達人に基礎から美しく見える踊り方まで、丁寧に教えてもらえますよ！,玉川学園コミュニティセンター多目的室,毎月2回、土日のいずれか、不定期,町田出港バンドの演奏で一階のイベントスペースで円になって踊ります。みなさんもぜひご参加ください！,2回以上参加している,1．期間中にイベント等を開催（詳しい企画の内容は後日イベント企画書をご提出いただきます。市役所会場以外で開催する方もこちらをご選択ください。）,,,チラシ、配ります！100枚くらいで恐縮ですが。,"メンバー同士のコミュケーションが深まる, 新しい取り組みに挑戦する, 行政や他団体・個人などと新しいつながりができる",,"2. <必須>第１回全体会議：6月18日（木）18:30～20:30 ｜市庁舎3階会議室, 3. <交流>第２回全体会議：9月18日（金）18:30～20:30 ｜市庁舎3階会議室, 4. <広報物配布・交流>第３回全体会議：10月15日（木）18:30～20:30｜市庁舎3階会議室, 5. <市庁舎出店団体必須参加>第４回全体会議：11月19日（木）18:30～20:30 ｜市庁舎3階会議室"
企業組合ワーカーズ・コレクティブ轍あい　片づけ＆リユースショップはちどり,きぎょうくみあいわーかーずこれくてぃぶわだちあいかたづけあんどりゆーすしょっぷはちどり,,,,,,,"https://hachidori-machida.com/
＠hachidori.machida2024",片づけ事業をし、いらなくなったものでまだ使えるものは寄付していただきリユースショップで販売しています。もったいないをなくしたい。捨てるのではなく誰かに使ってもらいたい、そんな気持ちに寄り添いたいと考えています。また、働きずらさを抱えているかたも一緒に働ける場づくりもしています。,町田木曽団地名店街内、はちどりショップ,水曜以外　10:00～17:00,片づけ募集中　見積無料です,2回以上参加している,1．期間中にイベント等を開催（詳しい企画の内容は後日イベント企画書をご提出いただきます。市役所会場以外で開催する方もこちらをご選択ください。）,,,,"学生と活動する, 団体の活動や取り組む社会課題についての周知ができる, 広報、企画立案、SNS・ITツールのスキルアップ, 行政や他団体・個人などと新しいつながりができる",,"2. <必須>第１回全体会議：6月18日（木）18:30～20:30 ｜市庁舎3階会議室, 3. <交流>第２回全体会議：9月18日（金）18:30～20:30 ｜市庁舎3階会議室, 4. <広報物配布・交流>第３回全体会議：10月15日（木）18:30～20:30｜市庁舎3階会議室, 5. <市庁舎出店団体必須参加>第４回全体会議：11月19日（木）18:30～20:30 ｜市庁舎3階会議室"
コレクティブハウス本町田居住者組合,これくてぃぶはうすほんまちだきょじゅうしゃくみあい,,,,,,,https://www.instagram.com/ch_honmachida/,ほどよい距離でつながり、対話を大切にしながら自分たちで暮らしをつくる住まいです。共用スペースで食事会やお茶会、ガーデニングを楽しみ、地域との交流も行っています。,まちのもり本町田（コレクティブハウス本町田のコモンルーム・コレクティブガーデン、ラウンジ・キッチン）,365日（日々の暮らしが活動）／定例ミーティング：毎月第4土または日,住民と語りながら、「つながる暮らし」を体験してみませんか？,2回以上参加している,1．期間中にイベント等を開催（詳しい企画の内容は後日イベント企画書をご提出いただきます。市役所会場以外で開催する方もこちらをご選択ください。）,,,,"会員やメンバーなどが増える, 団体の活動や取り組む社会課題についての周知ができる, 広報、企画立案、SNS・ITツールのスキルアップ, メンバー同士のコミュケーションが深まる, 新しい取り組みに挑戦する, 行政や他団体・個人などと新しいつながりができる",,"1. 準備会：5月28日（木）18:30～20:30｜市庁舎3階会議室, 2. <必須>第１回全体会議：6月18日（木）18:30～20:30 ｜市庁舎3階会議室, 3. <交流>第２回全体会議：9月18日（金）18:30～20:30 ｜市庁舎3階会議室, 4. <広報物配布・交流>第３回全体会議：10月15日（木）18:30～20:30｜市庁舎3階会議室, 5. <市庁舎出店団体必須参加>第４回全体会議：11月19日（木）18:30～20:30 ｜市庁舎3階会議室"
作って楽しむ　もの作りBaBa塾♥,つくってたのしむ　ものづくりばばじゅく,,,,,,,,生活の身近な物（味噌やしめ縄）を作って、日常にうるおいと楽しみを！,アトリエ古川,不定期,祝箸の販売とワークショップ,初参加（参加に際し、事務局と30分程度の簡単な顔合わせをお願いしています。オンライン・対面どちらでも大丈夫です。お申込み後、詳細を事務局よりご連絡させていただきます）,5．協賛団体・個人として参加（下記問14・15に回答ください）,個人1口,【6】  配布物・請求書（協賛）等送付先住所宛てに郵送,,"会員やメンバーなどが増える, 新しい取り組みに挑戦する, 団体の活動資金を得る（物販の売り上げやイベントの参加費など）",,"2. <必須>第１回全体会議：6月18日（木）18:30～20:30 ｜市庁舎3階会議室, 4. <広報物配布・交流>第３回全体会議：10月15日（木）18:30～20:30｜市庁舎3階会議室, 5. <市庁舎出店団体必須参加>第４回全体会議：11月19日（木）18:30～20:30 ｜市庁舎3階会議室"
2nd HOUSE,セカンドハウス,,,,,,,,お店の紹介,成瀬駅周辺,火曜日～日曜日,,初参加（参加に際し、事務局と30分程度の簡単な顔合わせをお願いしています。オンライン・対面どちらでも大丈夫です。お申込み後、詳細を事務局よりご連絡させていただきます）,5．協賛団体・個人として参加（下記問14・15に回答ください）,企業・団体１口,【4-1】連絡先メールアドレス宛てにメールに添付,,"メンバー同士のコミュケーションが深まる, 新しい取り組みに挑戦する, 行政や他団体・個人などと新しいつながりができる",,
